Workbook

Sheet Capacity
C1: Capacity Dashboard | L1: 190 | M1: 190 | N1: 70 | O1: 70 | Y1: 17 | Z1: 23 | AA1: 29
E2: Areas | L2: Units Capacity by Shitf | P2: Yearly | S2: Daily | V2: Shift | Y2: Monthly
C4: Fiscal Year | D4: Value Strem | E4: Coils | F4: Ecxiters | G4: RF | H4: WC | I4: FA | J4: Total capacity / Shift | K4: Operational Shift Plan | L4: Capacity in 1st | M4: Capacity in 2nd | N4: Capacity in 3rd | O4: Capacity in 4th | P4: Yearly Demand | Q4: Yearly Capacity | R4: Diff | S4: Daily Demand | T4: Daily Capacity | U4: Diff | V4: Shift Demand | W4: Shift Capacity | X4: Diff | Y4: Monthly Demand | Z4: Monthly Capacity | AA4: Diff | AB4: Notes
C5: FY26 | D5: 42 - 44 | F5: 4.5 | G5: 4 | H5: 4 | I5: 4 | J5: =MIN(G5:I5) -> 4 | K5: 1 | L5: =IF($K5=1,$J5*L$1,"") -> 760 | M5: =IF($K5=2,$J5*(M$1+L$1),"") | N5: =IF($K5=3,$J5*(L$1+M$1+N$1),"") | O5: =IF($K5=4,$J5*(L$1+M$1+N$1+O$1),"") | P5: 800 | Q5: =SUM(L5:O5) -> 760 | R5: =Q5-P5 -> -40 | S5: =IFERROR(($P5/(IF($K5=1,$L$1,(IF($K5=2,($M$1),(IF($K5=3,($L$1+($N$1/2)),(IF($K5=4,($L$1+$N$1)))))))))),"") -> 4.2105263 | T5: =J5*K5 -> 4 | U5: =IFERROR((T5-S5),"") -> -0.21052632 | V5: =IFERROR(($P5/(IF($K5=1,$L$1,(IF($K5=2,($L$1+$M$1),(IF($K5=3,($L$1+$M$1+$N$1),(IF($K5=4,($L$1+$M$1+$N$1+$O$1)))))))))),"") -> 4.2105263 | W5: =J5 -> 4 | X5: =IFERROR((W5-V5),"") -> -0.21052632 | Y5: =P5/11.75 -> 68.085106 | Z5: =Q5/11.75 -> 64.680851 | AA5: =Z5-Y5 -> -3.4042553
C6: FY27 | D6: 42 - 44 | J6: =MIN(G6:I6) -> 0 | K6: 0 | L6: =IF($K6=1,$J6*L$1,"") | M6: =IF($K6=2,$J6*(M$1+L$1),"") | N6: =IF($K6=3,$J6*(L$1+M$1+N$1),"") | O6: =IF($K6=4,$J6*(L$1+M$1+N$1+O$1),"") | Q6: =SUM(L6:O6) -> 0 | R6: =Q6-P6 -> 0 | S6: =IFERROR(($P6/(IF($K6=1,$L$1,(IF($K6=2,($M$1),(IF($K6=3,($L$1+($N$1/2)),(IF($K6=4,($L$1+$N$1)))))))))),"") | T6: =J6*2 -> 0 | U6: =IFERROR((T6-S6),"") | V6: =IFERROR((P6/(IF($K6=1,L$1,(IF($K6=2,(L$1+M$1),(IF($K6=3,(L$1+M$1+N$1),(IF($K6=4,(L$1+M$1+N$1+O$1)))))))))),"") | W6: =J6 -> 0 | X6: =IFERROR((W6-V6),"") | Y6: =P6/11.75 -> 0 | Z6: =Q6/11.75 -> 0 | AA6: =Z6-Y6 -> 0
C7: FY28 | D7: 42 - 44 | J7: =MIN(G7:I7) -> 0 | K7: 0 | L7: =IF($K7=1,$J7*L$1,"") | M7: =IF($K7=2,$J7*(M$1+L$1),"") | N7: =IF($K7=3,$J7*(L$1+M$1+N$1),"") | O7: =IF($K7=4,$J7*(L$1+M$1+N$1+O$1),"") | Q7: =SUM(L7:O7) -> 0 | R7: =Q7-P7 -> 0 | S7: =IFERROR(($P7/(IF($K7=1,$L$1,(IF($K7=2,($M$1),(IF($K7=3,($L$1+($N$1/2)),(IF($K7=4,($L$1+$N$1)))))))))),"") | T7: =J7*2 -> 0 | U7: =IFERROR((T7-S7),"") | V7: =IFERROR((P7/(IF($K7=1,L$1,(IF($K7=2,(L$1+M$1),(IF($K7=3,(L$1+M$1+N$1),(IF($K7=4,(L$1+M$1+N$1+O$1)))))))))),"") | W7: =J7 -> 0 | X7: =IFERROR((W7-V7),"") | Y7: =P7/11.75 -> 0 | Z7: =Q7/11.75 -> 0 | AA7: =Z7-Y7 -> 0
C8: FY29 | D8: 42 - 44 | J8: =MIN(G8:I8) -> 0 | K8: 0 | L8: =IF($K8=1,$J8*L$1,"") | M8: =IF($K8=2,$J8*(M$1+L$1),"") | N8: =IF($K8=3,$J8*(L$1+M$1+N$1),"") | O8: =IF($K8=4,$J8*(L$1+M$1+N$1+O$1),"") | Q8: =SUM(L8:O8) -> 0 | R8: =Q8-P8 -> 0 | S8: =IFERROR(($P8/(IF($K8=1,$L$1,(IF($K8=2,($M$1),(IF($K8=3,($L$1+($N$1/2)),(IF($K8=4,($L$1+$N$1)))))))))),"") | T8: =J8*2 -> 0 | U8: =IFERROR((T8-S8),"") | V8: =IFERROR((P8/(IF($K8=1,L$1,(IF($K8=2,(L$1+M$1),(IF($K8=3,(L$1+M$1+N$1),(IF($K8=4,(L$1+M$1+N$1+O$1)))))))))),"") | W8: =J8 -> 0 | X8: =IFERROR((W8-V8),"") | Y8: =P8/11.75 -> 0 | Z8: =Q8/11.75 -> 0 | AA8: =Z8-Y8 -> 0
C9: FY26 | D9: 46's | F9: 2.5 | G9: 2.5 | H9: 2.5 | I9: 2.5 | J9: =MIN(G9:I9) -> 2.5 | K9: 2 | L9: =IF($K9=1,$J9*L$1,"") | M9: =IF($K9=2,$J9*(M$1+L$1),"") -> 950 | N9: =IF($K9=3,$J9*(L$1+M$1+N$1),"") | O9: =IF($K9=4,$J9*(L$1+M$1+N$1+O$1),"") | P9: 822 | Q9: =SUM(L9:O9) -> 950 | R9: =Q9-P9 -> 128 | S9: =IFERROR(($P9/(IF($K9=1,$L$1,(IF($K9=2,($M$1),(IF($K9=3,($L$1+($N$1/2)),(IF($K9=4,($L$1+$N$1)))))))))),"") -> 4.3263158 | T9: =J9*2 -> 5 | U9: =IFERROR((T9-S9),"") -> 0.67368421 | V9: =IFERROR((P9/(IF($K9=1,L$1,(IF($K9=2,(L$1+M$1),(IF($K9=3,(L$1+M$1+N$1),(IF($K9=4,(L$1+M$1+N$1+O$1)))))))))),"") -> 2.1631579 | W9: =J9 -> 2.5 | X9: =IFERROR((W9-V9),"") -> 0.33684211 | Y9: =P9/11.75 -> 69.957447 | Z9: =Q9/11.75 -> 80.851064 | AA9: =Z9-Y9 -> 10.893617
C10: FY27 | D10: 46's | F10: 2.5 | G10: 2.5 | H10: 2.5 | I10: 2.5 | J10: =MIN(G10:I10) -> 2.5 | K10: 2 | L10: =IF($K10=1,$J10*L$1,"") | M10: =IF($K10=2,$J10*(M$1+L$1),"") -> 950 | N10: =IF($K10=3,$J10*(L$1+M$1+N$1),"") | O10: =IF($K10=4,$J10*(L$1+M$1+N$1+O$1),"") | P10: 822 | Q10: =SUM(L10:O10) -> 950 | R10: =Q10-P10 -> 128 | S10: =IFERROR(($P10/(IF($K10=1,$L$1,(IF($K10=2,($M$1),(IF($K10=3,($L$1+($N$1/2)),(IF($K10=4,($L$1+$N$1)))))))))),"") -> 4.3263158 | T10: =J10*2 -> 5 | U10: =IFERROR((T10-S10),"") -> 0.67368421 | V10: =IFERROR((P10/(IF($K10=1,L$1,(IF($K10=2,(L$1+M$1),(IF($K10=3,(L$1+M$1+N$1),(IF($K10=4,(L$1+M$1+N$1+O$1)))))))))),"") -> 2.1631579 | W10: =J10 -> 2.5 | X10: =IFERROR((W10-V10),"") -> 0.33684211 | Y10: =P10/11.75 -> 69.957447 | Z10: =Q10/11.75 -> 80.851064 | AA10: =Z10-Y10 -> 10.893617
C11: FY28 | D11: 46's | J11: =MIN(G11:I11) -> 0 | L11: =IF($K11=1,$J11*L$1,"") | M11: =IF($K11=2,$J11*(M$1+L$1),"") | N11: =IF($K11=3,$J11*(L$1+M$1+N$1),"") | O11: =IF($K11=4,$J11*(L$1+M$1+N$1+O$1),"") | Q11: =SUM(L11:O11) -> 0 | R11: =Q11-P11 -> 0 | S11: =IFERROR(($P11/(IF($K11=1,$L$1,(IF($K11=2,($M$1),(IF($K11=3,($L$1+($N$1/2)),(IF($K11=4,($L$1+$N$1)))))))))),"") | T11: =J11*2 -> 0 | U11: =IFERROR((T11-S11),"") | V11: =IFERROR((P11/(IF($K11=1,L$1,(IF($K11=2,(L$1+M$1),(IF($K11=3,(L$1+M$1+N$1),(IF($K11=4,(L$1+M$1+N$1+O$1)))))))))),"") | W11: =J11 -> 0 | X11: =IFERROR((W11-V11),"") | Y11: =P11/11.75 -> 0 | Z11: =Q11/11.75 -> 0 | AA11: =Z11-Y11 -> 0
C12: FY29 | D12: 46's | J12: =MIN(G12:I12) -> 0 | L12: =IF($K12=1,$J12*L$1,"") | M12: =IF($K12=2,$J12*(M$1+L$1),"") | N12: =IF($K12=3,$J12*(L$1+M$1+N$1),"") | O12: =IF($K12=4,$J12*(L$1+M$1+N$1+O$1),"") | Q12: =SUM(L12:O12) -> 0 | R12: =Q12-P12 -> 0 | S12: =IFERROR(($P12/(IF($K12=1,$L$1,(IF($K12=2,($M$1),(IF($K12=3,($L$1+($N$1/2)),(IF($K12=4,($L$1+$N$1)))))))))),"") | T12: =J12*2 -> 0 | U12: =IFERROR((T12-S12),"") | V12: =IFERROR((P12/(IF($K12=1,L$1,(IF($K12=2,(L$1+M$1),(IF($K12=3,(L$1+M$1+N$1),(IF($K12=4,(L$1+M$1+N$1+O$1)))))))))),"") | W12: =J12 -> 0 | X12: =IFERROR((W12-V12),"") | Y12: =P12/11.75 -> 0 | Z12: =Q12/11.75 -> 0 | AA12: =Z12-Y12 -> 0
C13: FY26 | D13: 47's | F13: 5 | G13: 5 | H13: 5 | I13: 5 | J13: =MIN(G13:I13) -> 5 | K13: 2 | L13: =IF($K13=1,$J13*L$1,"") | M13: =IF($K13=2,$J13*(M$1+L$1),"") -> 1900 | N13: =IF($K13=3,$J13*(L$1+M$1+N$1),"") | O13: =IF($K13=4,$J13*(L$1+M$1+N$1+O$1),"") | P13: 1800 | Q13: =SUM(L13:O13) -> 1900 | R13: =Q13-P13 -> 100 | S13: =IFERROR(($P13/(IF($K13=1,$L$1,(IF($K13=2,($M$1),(IF($K13=3,($L$1+($N$1/2)),(IF($K13=4,($L$1+$N$1)))))))))),"") -> 9.4736842 | T13: =J13*2 -> 10 | U13: =IFERROR((T13-S13),"") -> 0.52631579 | V13: =IFERROR((P13/(IF($K13=1,L$1,(IF($K13=2,(L$1+M$1),(IF($K13=3,(L$1+M$1+N$1),(IF($K13=4,(L$1+M$1+N$1+O$1)))))))))),"") -> 4.7368421 | W13: =J13 -> 5 | X13: =IFERROR((W13-V13),"") -> 0.26315789 | Y13: =P13/11.75 -> 153.19149 | Z13: =Q13/11.75 -> 161.70213 | AA13: =Z13-Y13 -> 8.5106383
C14: FY27 | D14: 47's | F14: 5 | G14: 5 | H14: 5 | I14: 5 | J14: =MIN(G14:I14) -> 5 | K14: 2 | L14: =IF($K14=1,$J14*L$1,"") | M14: =IF($K14=2,$J14*(M$1+L$1),"") -> 1900 | N14: =IF($K14=3,$J14*(L$1+M$1+N$1),"") | O14: =IF($K14=4,$J14*(L$1+M$1+N$1+O$1),"") | P14: 1800 | Q14: =SUM(L14:O14) -> 1900 | R14: =Q14-P14 -> 100 | S14: =IFERROR(($P14/(IF($K14=1,$L$1,(IF($K14=2,($M$1),(IF($K14=3,($L$1+($N$1/2)),(IF($K14=4,($L$1+$N$1)))))))))),"") -> 9.4736842 | T14: =J14*2 -> 10 | U14: =IFERROR((T14-S14),"") -> 0.52631579 | V14: =IFERROR((P14/(IF($K14=1,L$1,(IF($K14=2,(L$1+M$1),(IF($K14=3,(L$1+M$1+N$1),(IF($K14=4,(L$1+M$1+N$1+O$1)))))))))),"") -> 4.7368421 | W14: =J14 -> 5 | X14: =IFERROR((W14-V14),"") -> 0.26315789 | Y14: =P14/11.75 -> 153.19149 | Z14: =Q14/11.75 -> 161.70213 | AA14: =Z14-Y14 -> 8.5106383
C15: FY28 | D15: 47's | J15: =MIN(G15:I15) -> 0 | L15: =IF($K15=1,$J15*L$1,"") | M15: =IF($K15=2,$J15*(M$1+L$1),"") | N15: =IF($K15=3,$J15*(L$1+M$1+N$1),"") | O15: =IF($K15=4,$J15*(L$1+M$1+N$1+O$1),"") | Q15: =SUM(L15:O15) -> 0 | R15: =Q15-P15 -> 0 | S15: =IFERROR(($P15/(IF($K15=1,$L$1,(IF($K15=2,($M$1),(IF($K15=3,($L$1+($N$1/2)),(IF($K15=4,($L$1+$N$1)))))))))),"") | T15: =J15*2 -> 0 | U15: =IFERROR((T15-S15),"") | V15: =IFERROR((P15/(IF($K15=1,L$1,(IF($K15=2,(L$1+M$1),(IF($K15=3,(L$1+M$1+N$1),(IF($K15=4,(L$1+M$1+N$1+O$1)))))))))),"") | W15: =J15 -> 0 | X15: =IFERROR((W15-V15),"") | Y15: =P15/11.75 -> 0 | Z15: =Q15/11.75 -> 0 | AA15: =Z15-Y15 -> 0
C16: FY29 | D16: 47's | J16: =MIN(G16:I16) -> 0 | L16: =IF($K16=1,$J16*L$1,"") | M16: =IF($K16=2,$J16*(M$1+L$1),"") | N16: =IF($K16=3,$J16*(L$1+M$1+N$1),"") | O16: =IF($K16=4,$J16*(L$1+M$1+N$1+O$1),"") | Q16: =SUM(L16:O16) -> 0 | R16: =Q16-P16 -> 0 | S16: =IFERROR(($P16/(IF($K16=1,$L$1,(IF($K16=2,($M$1),(IF($K16=3,($L$1+($N$1/2)),(IF($K16=4,($L$1+$N$1)))))))))),"") | T16: =J16*2 -> 0 | U16: =IFERROR((T16-S16),"") | V16: =IFERROR((P16/(IF($K16=1,L$1,(IF($K16=2,(L$1+M$1),(IF($K16=3,(L$1+M$1+N$1),(IF($K16=4,(L$1+M$1+N$1+O$1)))))))))),"") | W16: =J16 -> 0 | X16: =IFERROR((W16-V16),"") | Y16: =P16/11.75 -> 0 | Z16: =Q16/11.75 -> 0 | AA16: =Z16-Y16 -> 0
C17: FY26 | D17: 49's | F17: 2.5 | G17: 2.5 | H17: 2.5 | I17: 2.5 | J17: =MIN(G17:I17) -> 2.5 | K17: 2 | L17: =IF($K17=1,$J17*L$1,"") | M17: =IF($K17=2,$J17*(M$1+L$1),"") -> 950 | N17: =IF($K17=3,$J17*(L$1+M$1+N$1),"") | O17: =IF($K17=4,$J17*(L$1+M$1+N$1+O$1),"") | P17: 800 | Q17: =SUM(L17:O17) -> 950 | R17: =Q17-P17 -> 150 | S17: =IFERROR(($P17/(IF($K17=1,$L$1,(IF($K17=2,($M$1),(IF($K17=3,($L$1+($N$1/2)),(IF($K17=4,($L$1+$N$1)))))))))),"") -> 4.2105263 | T17: =J17*2 -> 5 | U17: =IFERROR((T17-S17),"") -> 0.78947368 | V17: =IFERROR((P17/(IF($K17=1,L$1,(IF($K17=2,(L$1+M$1),(IF($K17=3,(L$1+M$1+N$1),(IF($K17=4,(L$1+M$1+N$1+O$1)))))))))),"") -> 2.1052632 | W17: =J17 -> 2.5 | X17: =IFERROR((W17-V17),"") -> 0.39473684 | Y17: =P17/11.75 -> 68.085106 | Z17: =Q17/11.75 -> 80.851064 | AA17: =Z17-Y17 -> 12.765957
C18: FY27 | D18: 49's | F18: 2.5 | G18: 2.5 | H18: 2.5 | I18: 2.5 | J18: =MIN(G18:I18) -> 2.5 | K18: 2 | L18: =IF($K18=1,$J18*L$1,"") | M18: =IF($K18=2,$J18*(M$1+L$1),"") -> 950 | N18: =IF($K18=3,$J18*(L$1+M$1+N$1),"") | O18: =IF($K18=4,$J18*(L$1+M$1+N$1+O$1),"") | P18: 800 | Q18: =SUM(L18:O18) -> 950 | R18: =Q18-P18 -> 150 | S18: =IFERROR(($P18/(IF($K18=1,$L$1,(IF($K18=2,($M$1),(IF($K18=3,($L$1+($N$1/2)),(IF($K18=4,($L$1+$N$1)))))))))),"") -> 4.2105263 | T18: =J18*2 -> 5 | U18: =IFERROR((T18-S18),"") -> 0.78947368 | V18: =IFERROR((P18/(IF($K18=1,L$1,(IF($K18=2,(L$1+M$1),(IF($K18=3,(L$1+M$1+N$1),(IF($K18=4,(L$1+M$1+N$1+O$1)))))))))),"") -> 2.1052632 | W18: =J18 -> 2.5 | X18: =IFERROR((W18-V18),"") -> 0.39473684 | Y18: =P18/11.75 -> 68.085106 | Z18: =Q18/11.75 -> 80.851064 | AA18: =Z18-Y18 -> 12.765957
C19: FY28 | D19: 49's | J19: =MIN(G19:I19) -> 0 | L19: =IF($K19=1,$J19*L$1,"") | M19: =IF($K19=2,$J19*(M$1+L$1),"") | N19: =IF($K19=3,$J19*(L$1+M$1+N$1),"") | O19: =IF($K19=4,$J19*(L$1+M$1+N$1+O$1),"") | Q19: =SUM(L19:O19) -> 0 | R19: =Q19-P19 -> 0 | S19: =IFERROR(($P19/(IF($K19=1,$L$1,(IF($K19=2,($M$1),(IF($K19=3,($L$1+($N$1/2)),(IF($K19=4,($L$1+$N$1)))))))))),"") | T19: =J19*2 -> 0 | U19: =IFERROR((T19-S19),"") | V19: =IFERROR((P19/(IF($K19=1,L$1,(IF($K19=2,(L$1+M$1),(IF($K19=3,(L$1+M$1+N$1),(IF($K19=4,(L$1+M$1+N$1+O$1)))))))))),"") | W19: =J19 -> 0 | X19: =IFERROR((W19-V19),"") | Y19: =P19/11.75 -> 0 | Z19: =Q19/11.75 -> 0 | AA19: =Z19-Y19 -> 0
C20: FY29 | D20: 49's | J20: =MIN(G20:I20) -> 0 | L20: =IF($K20=1,$J20*L$1,"") | M20: =IF($K20=2,$J20*(M$1+L$1),"") | N20: =IF($K20=3,$J20*(L$1+M$1+N$1),"") | O20: =IF($K20=4,$J20*(L$1+M$1+N$1+O$1),"") | Q20: =SUM(L20:O20) -> 0 | R20: =Q20-P20 -> 0 | S20: =IFERROR(($P20/(IF($K20=1,$L$1,(IF($K20=2,($M$1),(IF($K20=3,($L$1+($N$1/2)),(IF($K20=4,($L$1+$N$1)))))))))),"") | T20: =J20*2 -> 0 | U20: =IFERROR((T20-S20),"") | V20: =IFERROR((P20/(IF($K20=1,L$1,(IF($K20=2,(L$1+M$1),(IF($K20=3,(L$1+M$1+N$1),(IF($K20=4,(L$1+M$1+N$1+O$1)))))))))),"") | W20: =J20 -> 0 | X20: =IFERROR((W20-V20),"") | Y20: =P20/11.75 -> 0 | Z20: =Q20/11.75 -> 0 | AA20: =Z20-Y20 -> 0
C21: FY26 | D21: 450's | F21: 1 | G21: 1 | H21: 1 | I21: 1 | J21: =MIN(G21:I21) -> 1 | K21: 1 | L21: =IF($K21=1,$J21*L$1,"") -> 190 | M21: =IF($K21=2,$J21*(M$1+L$1),"") | N21: =IF($K21=3,$J21*(L$1+M$1+N$1),"") | O21: =IF($K21=4,$J21*(L$1+M$1+N$1+O$1),"") | P21: 162 | Q21: =SUM(L21:O21) -> 190 | R21: =Q21-P21 -> 28 | S21: =IFERROR(($P21/(IF($K21=1,$L$1,(IF($K21=2,($M$1),(IF($K21=3,($L$1+($N$1/2)),(IF($K21=4,($L$1+$N$1)))))))))),"") -> 0.85263158 | T21: =J21*2 -> 2 | U21: =IFERROR((T21-S21),"") -> 1.1473684 | V21: =IFERROR((P21/(IF($K21=1,L$1,(IF($K21=2,(L$1+M$1),(IF($K21=3,(L$1+M$1+N$1),(IF($K21=4,(L$1+M$1+N$1+O$1)))))))))),"") -> 0.85263158 | W21: =J21 -> 1 | X21: =IFERROR((W21-V21),"") -> 0.14736842 | Y21: =P21/11.75 -> 13.787234 | Z21: =Q21/11.75 -> 16.170213 | AA21: =Z21-Y21 -> 2.3829787
C22: FY27 | D22: 450's | F22: 1 | G22: 1 | H22: 1 | I22: 1 | J22: =MIN(G22:I22) -> 1 | K22: 1 | L22: =IF($K22=1,$J22*L$1,"") -> 190 | M22: =IF($K22=2,$J22*(M$1+L$1),"") | N22: =IF($K22=3,$J22*(L$1+M$1+N$1),"") | O22: =IF($K22=4,$J22*(L$1+M$1+N$1+O$1),"") | P22: 162 | Q22: =SUM(L22:O22) -> 190 | R22: =Q22-P22 -> 28 | S22: =IFERROR(($P22/(IF($K22=1,$L$1,(IF($K22=2,($M$1),(IF($K22=3,($L$1+($N$1/2)),(IF($K22=4,($L$1+$N$1)))))))))),"") -> 0.85263158 | T22: =J22*2 -> 2 | U22: =IFERROR((T22-S22),"") -> 1.1473684 | V22: =IFERROR((P22/(IF($K22=1,L$1,(IF($K22=2,(L$1+M$1),(IF($K22=3,(L$1+M$1+N$1),(IF($K22=4,(L$1+M$1+N$1+O$1)))))))))),"") -> 0.85263158 | W22: =J22 -> 1 | X22: =IFERROR((W22-V22),"") -> 0.14736842 | Y22: =P22/11.75 -> 13.787234 | Z22: =Q22/11.75 -> 16.170213 | AA22: =Z22-Y22 -> 2.3829787
C23: FY28 | D23: 450's | F23: 1 | G23: 1 | H23: 1 | I23: 1 | J23: =MIN(G23:I23) -> 1 | K23: 1 | L23: =IF($K23=1,$J23*L$1,"") -> 190 | M23: =IF($K23=2,$J23*(M$1+L$1),"") | N23: =IF($K23=3,$J23*(L$1+M$1+N$1),"") | O23: =IF($K23=4,$J23*(L$1+M$1+N$1+O$1),"") | P23: 162 | Q23: =SUM(L23:O23) -> 190 | R23: =Q23-P23 -> 28 | S23: =IFERROR(($P23/(IF($K23=1,$L$1,(IF($K23=2,($M$1),(IF($K23=3,($L$1+($N$1/2)),(IF($K23=4,($L$1+$N$1)))))))))),"") -> 0.85263158 | T23: =J23*2 -> 2 | U23: =IFERROR((T23-S23),"") -> 1.1473684 | V23: =IFERROR((P23/(IF($K23=1,L$1,(IF($K23=2,(L$1+M$1),(IF($K23=3,(L$1+M$1+N$1),(IF($K23=4,(L$1+M$1+N$1+O$1)))))))))),"") -> 0.85263158 | W23: =J23 -> 1 | X23: =IFERROR((W23-V23),"") -> 0.14736842 | Y23: =P23/11.75 -> 13.787234 | Z23: =Q23/11.75 -> 16.170213 | AA23: =Z23-Y23 -> 2.3829787
C24: FY29 | D24: 450's | F24: 1 | G24: 1 | H24: 1 | I24: 1 | J24: =MIN(G24:I24) -> 1 | K24: 1 | L24: =IF($K24=1,$J24*L$1,"") -> 190 | M24: =IF($K24=2,$J24*(M$1+L$1),"") | N24: =IF($K24=3,$J24*(L$1+M$1+N$1),"") | O24: =IF($K24=4,$J24*(L$1+M$1+N$1+O$1),"") | P24: 162 | Q24: =SUM(L24:O24) -> 190 | R24: =Q24-P24 -> 28 | S24: =IFERROR(($P24/(IF($K24=1,$L$1,(IF($K24=2,($M$1),(IF($K24=3,($L$1+($N$1/2)),(IF($K24=4,($L$1+$N$1)))))))))),"") -> 0.85263158 | T24: =J24*2 -> 2 | U24: =IFERROR((T24-S24),"") -> 1.1473684 | V24: =IFERROR((P24/(IF($K24=1,L$1,(IF($K24=2,(L$1+M$1),(IF($K24=3,(L$1+M$1+N$1),(IF($K24=4,(L$1+M$1+N$1+O$1)))))))))),"") -> 0.85263158 | W24: =J24 -> 1 | X24: =IFERROR((W24-V24),"") -> 0.14736842 | Y24: =P24/11.75 -> 13.787234 | Z24: =Q24/11.75 -> 16.170213 | AA24: =Z24-Y24 -> 2.3829787
C25: FY26 | D25: 500's | F25: 1 | G25: 1 | H25: 1 | I25: 1 | J25: =MIN(G25:I25) -> 1 | K25: 1 | L25: =IF($K25=1,$J25*L$1,"") -> 190 | M25: =IF($K25=2,$J25*(M$1+L$1),"") | N25: =IF($K25=3,$J25*(L$1+M$1+N$1),"") | O25: =IF($K25=4,$J25*(L$1+M$1+N$1+O$1),"") | P25: 162 | Q25: =SUM(L25:O25) -> 190 | R25: =Q25-P25 -> 28 | S25: =IFERROR(($P25/(IF($K25=1,$L$1,(IF($K25=2,($M$1),(IF($K25=3,($L$1+($N$1/2)),(IF($K25=4,($L$1+$N$1)))))))))),"") -> 0.85263158 | T25: =J25*2 -> 2 | U25: =IFERROR((T25-S25),"") -> 1.1473684 | V25: =IFERROR((P25/(IF($K25=1,L$1,(IF($K25=2,(L$1+M$1),(IF($K25=3,(L$1+M$1+N$1),(IF($K25=4,(L$1+M$1+N$1+O$1)))))))))),"") -> 0.85263158 | W25: =J25 -> 1 | X25: =IFERROR((W25-V25),"") -> 0.14736842 | Y25: =P25/11.75 -> 13.787234 | Z25: =Q25/11.75 -> 16.170213 | AA25: =Z25-Y25 -> 2.3829787
C26: FY27 | D26: 500's | F26: 1 | G26: 1 | H26: 1 | I26: 1 | J26: =MIN(G26:I26) -> 1 | K26: 1 | L26: =IF($K26=1,$J26*L$1,"") -> 190 | M26: =IF($K26=2,$J26*(M$1+L$1),"") | N26: =IF($K26=3,$J26*(L$1+M$1+N$1),"") | O26: =IF($K26=4,$J26*(L$1+M$1+N$1+O$1),"") | P26: 162 | Q26: =SUM(L26:O26) -> 190 | R26: =Q26-P26 -> 28 | S26: =IFERROR(($P26/(IF($K26=1,$L$1,(IF($K26=2,($M$1),(IF($K26=3,($L$1+($N$1/2)),(IF($K26=4,($L$1+$N$1)))))))))),"") -> 0.85263158 | T26: =J26*2 -> 2 | U26: =IFERROR((T26-S26),"") -> 1.1473684 | V26: =IFERROR((P26/(IF($K26=1,L$1,(IF($K26=2,(L$1+M$1),(IF($K26=3,(L$1+M$1+N$1),(IF($K26=4,(L$1+M$1+N$1+O$1)))))))))),"") -> 0.85263158 | W26: =J26 -> 1 | X26: =IFERROR((W26-V26),"") -> 0.14736842 | Y26: =P26/11.75 -> 13.787234 | Z26: =Q26/11.75 -> 16.170213 | AA26: =Z26-Y26 -> 2.3829787
C27: FY28 | D27: 500's | F27: 1 | G27: 1 | H27: 1 | I27: 1 | J27: =MIN(G27:I27) -> 1 | K27: 1 | L27: =IF($K27=1,$J27*L$1,"") -> 190 | M27: =IF($K27=2,$J27*(M$1+L$1),"") | N27: =IF($K27=3,$J27*(L$1+M$1+N$1),"") | O27: =IF($K27=4,$J27*(L$1+M$1+N$1+O$1),"") | P27: 162 | Q27: =SUM(L27:O27) -> 190 | R27: =Q27-P27 -> 28 | S27: =IFERROR(($P27/(IF($K27=1,$L$1,(IF($K27=2,($M$1),(IF($K27=3,($L$1+($N$1/2)),(IF($K27=4,($L$1+$N$1)))))))))),"") -> 0.85263158 | T27: =J27*2 -> 2 | U27: =IFERROR((T27-S27),"") -> 1.1473684 | V27: =IFERROR((P27/(IF($K27=1,L$1,(IF($K27=2,(L$1+M$1),(IF($K27=3,(L$1+M$1+N$1),(IF($K27=4,(L$1+M$1+N$1+O$1)))))))))),"") -> 0.85263158 | W27: =J27 -> 1 | X27: =IFERROR((W27-V27),"") -> 0.14736842 | Y27: =P27/11.75 -> 13.787234 | Z27: =Q27/11.75 -> 16.170213 | AA27: =Z27-Y27 -> 2.3829787
C28: FY29 | D28: 500's | F28: 1 | G28: 1 | H28: 1 | I28: 1 | J28: =MIN(G28:I28) -> 1 | K28: 1 | L28: =IF($K28=1,$J28*L$1,"") -> 190 | M28: =IF($K28=2,$J28*(M$1+L$1),"") | N28: =IF($K28=3,$J28*(L$1+M$1+N$1),"") | O28: =IF($K28=4,$J28*(L$1+M$1+N$1+O$1),"") | P28: 162 | Q28: =SUM(L28:O28) -> 190 | R28: =Q28-P28 -> 28 | S28: =IFERROR(($P28/(IF($K28=1,$L$1,(IF($K28=2,($M$1),(IF($K28=3,($L$1+($N$1/2)),(IF($K28=4,($L$1+$N$1)))))))))),"") -> 0.85263158 | T28: =J28*2 -> 2 | U28: =IFERROR((T28-S28),"") -> 1.1473684 | V28: =IFERROR((P28/(IF($K28=1,L$1,(IF($K28=2,(L$1+M$1),(IF($K28=3,(L$1+M$1+N$1),(IF($K28=4,(L$1+M$1+N$1+O$1)))))))))),"") -> 0.85263158 | W28: =J28 -> 1 | X28: =IFERROR((W28-V28),"") -> 0.14736842 | Y28: =P28/11.75 -> 13.787234 | Z28: =Q28/11.75 -> 16.170213 | AA28: =Z28-Y28 -> 2.3829787
C29: FY26 | D29: 1200 / 930 | F29: 1.5 | G29: 1.5 | H29: 1.5 | I29: 1.5 | J29: =MIN(G29:I29) -> 1.5 | K29: 1 | L29: =IF($K29=1,$J29*L$1,"") -> 285 | M29: =IF($K29=2,$J29*(M$1+L$1),"") | N29: =IF($K29=3,$J29*(L$1+M$1+N$1),"") | O29: =IF($K29=4,$J29*(L$1+M$1+N$1+O$1),"") | P29: 240 | Q29: =SUM(L29:O29) -> 285 | R29: =Q29-P29 -> 45 | S29: =IFERROR(($P29/(IF($K29=1,$L$1,(IF($K29=2,($M$1),(IF($K29=3,($L$1+($N$1/2)),(IF($K29=4,($L$1+$N$1)))))))))),"") -> 1.2631579 | T29: =J29*2 -> 3 | U29: =IFERROR((T29-S29),"") -> 1.7368421 | V29: =IFERROR((P29/(IF($K29=1,L$1,(IF($K29=2,(L$1+M$1),(IF($K29=3,(L$1+M$1+N$1),(IF($K29=4,(L$1+M$1+N$1+O$1)))))))))),"") -> 1.2631579 | W29: =J29 -> 1.5 | X29: =IFERROR((W29-V29),"") -> 0.23684211 | Y29: =P29/11.75 -> 20.425532 | Z29: =Q29/11.75 -> 24.255319 | AA29: =Z29-Y29 -> 3.8297872
C30: FY27 | D30: 1200 / 930 | F30: 1.5 | G30: 1.5 | H30: 1.5 | I30: 1.5 | J30: =MIN(G30:I30) -> 1.5 | K30: 1 | L30: =IF($K30=1,$J30*L$1,"") -> 285 | M30: =IF($K30=2,$J30*(M$1+L$1),"") | N30: =IF($K30=3,$J30*(L$1+M$1+N$1),"") | O30: =IF($K30=4,$J30*(L$1+M$1+N$1+O$1),"") | P30: 240 | Q30: =SUM(L30:O30) -> 285 | R30: =Q30-P30 -> 45 | S30: =IFERROR(($P30/(IF($K30=1,$L$1,(IF($K30=2,($M$1),(IF($K30=3,($L$1+($N$1/2)),(IF($K30=4,($L$1+$N$1)))))))))),"") -> 1.2631579 | T30: =J30*2 -> 3 | U30: =IFERROR((T30-S30),"") -> 1.7368421 | V30: =IFERROR((P30/(IF($K30=1,L$1,(IF($K30=2,(L$1+M$1),(IF($K30=3,(L$1+M$1+N$1),(IF($K30=4,(L$1+M$1+N$1+O$1)))))))))),"") -> 1.2631579 | W30: =J30 -> 1.5 | X30: =IFERROR((W30-V30),"") -> 0.23684211 | Y30: =P30/11.75 -> 20.425532 | Z30: =Q30/11.75 -> 24.255319 | AA30: =Z30-Y30 -> 3.8297872
C31: FY28 | D31: 1200 / 930 | F31: 1.5 | G31: 1.5 | H31: 1.5 | I31: 1.5 | J31: =MIN(G31:I31) -> 1.5 | K31: 1 | L31: =IF($K31=1,$J31*L$1,"") -> 285 | M31: =IF($K31=2,$J31*(M$1+L$1),"") | N31: =IF($K31=3,$J31*(L$1+M$1+N$1),"") | O31: =IF($K31=4,$J31*(L$1+M$1+N$1+O$1),"") | P31: 240 | Q31: =SUM(L31:O31) -> 285 | R31: =Q31-P31 -> 45 | S31: =IFERROR(($P31/(IF($K31=1,$L$1,(IF($K31=2,($M$1),(IF($K31=3,($L$1+($N$1/2)),(IF($K31=4,($L$1+$N$1)))))))))),"") -> 1.2631579 | T31: =J31*2 -> 3 | U31: =IFERROR((T31-S31),"") -> 1.7368421 | V31: =IFERROR((P31/(IF($K31=1,L$1,(IF($K31=2,(L$1+M$1),(IF($K31=3,(L$1+M$1+N$1),(IF($K31=4,(L$1+M$1+N$1+O$1)))))))))),"") -> 1.2631579 | W31: =J31 -> 1.5 | X31: =IFERROR((W31-V31),"") -> 0.23684211 | Y31: =P31/11.75 -> 20.425532 | Z31: =Q31/11.75 -> 24.255319 | AA31: =Z31-Y31 -> 3.8297872
C32: FY29 | D32: 1200 / 930 | F32: 1.5 | G32: 1.5 | H32: 1.5 | I32: 1.5 | J32: =MIN(G32:I32) -> 1.5 | K32: 1 | L32: =IF($K32=1,$J32*L$1,"") -> 285 | M32: =IF($K32=2,$J32*(M$1+L$1),"") | N32: =IF($K32=3,$J32*(L$1+M$1+N$1),"") | O32: =IF($K32=4,$J32*(L$1+M$1+N$1+O$1),"") | P32: 240 | Q32: =SUM(L32:O32) -> 285 | R32: =Q32-P32 -> 45 | S32: =IFERROR(($P32/(IF($K32=1,$L$1,(IF($K32=2,($M$1),(IF($K32=3,($L$1+($N$1/2)),(IF($K32=4,($L$1+$N$1)))))))))),"") -> 1.2631579 | T32: =J32*2 -> 3 | U32: =IFERROR((T32-S32),"") -> 1.7368421 | V32: =IFERROR((P32/(IF($K32=1,L$1,(IF($K32=2,(L$1+M$1),(IF($K32=3,(L$1+M$1+N$1),(IF($K32=4,(L$1+M$1+N$1+O$1)))))))))),"") -> 1.2631579 | W32: =J32 -> 1.5 | X32: =IFERROR((W32-V32),"") -> 0.23684211 | Y32: =P32/11.75 -> 20.425532 | Z32: =Q32/11.75 -> 24.255319 | AA32: =Z32-Y32 -> 3.8297872
... C37: FY26 | D37: 1600 / 641 | F37: 4 | G37: 4 | H37: 4 | I37: 4 | J37: =MIN(G37:I37) -> 4 | K37: 4 | L37: =IF($K37=1,$J37*L$1,"") | M37: =IF($K37=2,$J37*(M$1+L$1),"") | N37: =IF($K37=3,$J37*(L$1+M$1+N$1),"") | O37: =IF($K37=4,$J37*(L$1+M$1+N$1+O$1),"") -> 2080 | P37: 1872 | Q37: =SUM(L37:O37) -> 2080 | R37: =Q37-P37 -> 208 | S37: =IFERROR(($P37/(IF($K37=1,$L$1,(IF($K37=2,($M$1),(IF($K37=3,($L$1+($N$1/2)),(IF($K37=4,($L$1+$N$1)))))))))),"") -> 7.2 | T37: =J37*2 -> 8 | U37: =IFERROR((T37-S37),"") -> 0.8 | V37: =IFERROR((P37/(IF($K37=1,L$1,(IF($K37=2,(L$1+M$1),(IF($K37=3,(L$1+M$1+N$1),(IF($K37=4,(L$1+M$1+N$1+O$1)))))))))),"") -> 3.6 | W37: =J37 -> 4 | X37: =IFERROR((W37-V37),"") -> 0.4 | Y37: =P37/11.75 -> 159.31915 | Z37: =Q37/11.75 -> 177.02128 | AA37: =Z37-Y37 -> 17.702128
C38: FY27 | D38: 1600 / 641 | G38: 4 | H38: 4 | I38: 4 | J38: =MIN(G38:I38) -> 4 | K38: 2 | L38: =IF($K38=1,$J38*L$1,"") | M38: =IF($K38=2,$J38*(M$1+L$1),"") -> 1520 | N38: =IF($K38=3,$J38*(L$1+M$1+N$1),"") | O38: =IF($K38=4,$J38*(L$1+M$1+N$1+O$1),"") | P38: 1427 | Q38: =SUM(L38:O38) -> 1520 | R38: =Q38-P38 -> 93 | S38: =IFERROR(($P38/(IF($K38=1,$L$1,(IF($K38=2,($M$1),(IF($K38=3,($L$1+($N$1/2)),(IF($K38=4,($L$1+$N$1)))))))))),"") -> 7.5105263 | T38: =J38*2 -> 8 | U38: =IFERROR((T38-S38),"") -> 0.48947368 | V38: =IFERROR((P38/(IF($K38=1,L$1,(IF($K38=2,(L$1+M$1),(IF($K38=3,(L$1+M$1+N$1),(IF($K38=4,(L$1+M$1+N$1+O$1)))))))))),"") -> 3.7552632 | W38: =J38 -> 4 | X38: =IFERROR((W38-V38),"") -> 0.24473684 | Y38: =P38/11.75 -> 121.44681 | Z38: =Q38/11.75 -> 129.3617 | AA38: =Z38-Y38 -> 7.9148936
C39: FY28 | D39: 1600 / 641 | F39: 4.1 | G39: 4.1 | H39: 4.1 | I39: 4.1 | J39: =MIN(G39:I39) -> 4.1 | K39: 2 | L39: =IF($K39=1,$J39*L$1,"") | M39: =IF($K39=2,$J39*(M$1+L$1),"") -> 1558 | N39: =IF($K39=3,$J39*(L$1+M$1+N$1),"") | O39: =IF($K39=4,$J39*(L$1+M$1+N$1+O$1),"") | P39: 1564 | Q39: =SUM(L39:O39) -> 1558 | R39: =Q39-P39 -> -6 | S39: =IFERROR(($P39/(IF($K39=1,$L$1,(IF($K39=2,($M$1),(IF($K39=3,($L$1+($N$1/2)),(IF($K39=4,($L$1+$N$1)))))))))),"") -> 8.2315789 | T39: =J39*2 -> 8.2 | U39: =IFERROR((T39-S39),"") -> -0.031578947 | V39: =IFERROR((P39/(IF($K39=1,L$1,(IF($K39=2,(L$1+M$1),(IF($K39=3,(L$1+M$1+N$1),(IF($K39=4,(L$1+M$1+N$1+O$1)))))))))),"") -> 4.1157895 | W39: =J39 -> 4.1 | X39: =IFERROR((W39-V39),"") -> -0.015789474 | Y39: =P39/11.75 -> 133.10638 | Z39: =Q39/11.75 -> 132.59574 | AA39: =Z39-Y39 -> -0.5106383
C40: FY29 | D40: 1600 / 641 | G40: 4 | H40: 4 | I40: 4 | J40: =MIN(G40:I40) -> 4 | K40: 3 | L40: =IF($K40=1,$J40*L$1,"") | M40: =IF($K40=2,$J40*(M$1+L$1),"") | N40: =IF($K40=3,$J40*(L$1+M$1+N$1),"") -> 1800 | O40: =IF($K40=4,$J40*(L$1+M$1+N$1+O$1),"") | P40: 1663 | Q40: =SUM(L40:O40) -> 1800 | R40: =Q40-P40 -> 137 | S40: =IFERROR(($P40/(IF($K40=1,$L$1,(IF($K40=2,($M$1),(IF($K40=3,($L$1+($N$1/2)),(IF($K40=4,($L$1+$N$1)))))))))),"") -> 7.3911111 | T40: =J40*2 -> 8 | U40: =IFERROR((T40-S40),"") -> 0.60888889 | V40: =IFERROR((P40/(IF($K40=1,L$1,(IF($K40=2,(L$1+M$1),(IF($K40=3,(L$1+M$1+N$1),(IF($K40=4,(L$1+M$1+N$1+O$1)))))))))),"") -> 3.6955556 | W40: =J40 -> 4 | X40: =IFERROR((W40-V40),"") -> 0.30444444 | Y40: =P40/11.75 -> 141.53191 | Z40: =Q40/11.75 -> 153.19149 | AA40: =Z40-Y40 -> 11.659574
C41: FY26 | D41: 1800's | E41: 8 | F41: 8 | G41: 8 | H41: 8 | I41: 8 | J41: =MIN(G41:I41) -> 8 | K41: 4 | L41: =IF($K41=1,$J41*L$1,"") | M41: =IF($K41=2,$J41*(M$1+L$1),"") | N41: =IF($K41=3,$J41*(L$1+M$1+N$1),"") | O41: =IF($K41=4,$J41*(L$1+M$1+N$1+O$1),"") -> 4160 | P41: 5117 | Q41: =SUM(L41:O41) -> 4160 | R41: =Q41-P41 -> -957 | S41: =IFERROR(($P41/(IF($K41=1,$L$1,(IF($K41=2,($M$1),(IF($K41=3,($L$1+($N$1/2)),(IF($K41=4,($L$1+$N$1)))))))))),"") -> 19.680769 | T41: =J41*2 -> 16 | U41: =IFERROR((T41-S41),"") -> -3.6807692 | V41: =IFERROR((P41/(IF($K41=1,L$1,(IF($K41=2,(L$1+M$1),(IF($K41=3,(L$1+M$1+N$1),(IF($K41=4,(L$1+M$1+N$1+O$1)))))))))),"") -> 9.8403846 | W41: =J41 -> 8 | X41: =IFERROR((W41-V41),"") -> -1.8403846 | Y41: =P41/11.75 -> 435.48936 | Z41: =Q41/11.75 -> 354.04255 | AA41: =Z41-Y41 -> -81.446809
C42: FY27 | D42: 1800's | E42: 10 | F42: 10 | G42: 10 | H42: 10.3 | I42: 11 | J42: =MIN(G42:I42) -> 10 | K42: 4 | L42: =IF($K42=1,$J42*L$1,"") | M42: =IF($K42=2,$J42*(M$1+L$1),"") | N42: =IF($K42=3,$J42*(L$1+M$1+N$1),"") | O42: =IF($K42=4,$J42*(L$1+M$1+N$1+O$1),"") -> 5200 | P42: 6916 | Q42: =SUM(L42:O42) -> 5200 | R42: =Q42-P42 -> -1716 | S42: =IFERROR(($P42/(IF($K42=1,$L$1,(IF($K42=2,($M$1),(IF($K42=3,($L$1+($N$1/2)),(IF($K42=4,($L$1+$N$1)))))))))),"") -> 26.6 | T42: =J42*2 -> 20 | U42: =IFERROR((T42-S42),"") -> -6.6 | V42: =IFERROR((P42/(IF($K42=1,L$1,(IF($K42=2,(L$1+M$1),(IF($K42=3,(L$1+M$1+N$1),(IF($K42=4,(L$1+M$1+N$1+O$1)))))))))),"") -> 13.3 | W42: =J42 -> 10 | X42: =IFERROR((W42-V42),"") -> -3.3 | Y42: =P42/11.75 -> 588.59574 | Z42: =Q42/11.75 -> 442.55319 | AA42: =Z42-Y42 -> -146.04255
C43: FY28 | D43: 1800's | E43: 17 | F43: 17 | G43: 17 | H43: 17 | I43: 17 | J43: =MIN(G43:I43) -> 17 | K43: 4 | L43: =IF($K43=1,$J43*L$1,"") | M43: =IF($K43=2,$J43*(M$1+L$1),"") | N43: =IF($K43=3,$J43*(L$1+M$1+N$1),"") | O43: =IF($K43=4,$J43*(L$1+M$1+N$1+O$1),"") -> 8840 | P43: 11604 | Q43: =SUM(L43:O43) -> 8840 | R43: =Q43-P43 -> -2764 | S43: =IFERROR(($P43/(IF($K43=1,$L$1,(IF($K43=2,($M$1),(IF($K43=3,($L$1+($N$1/2)),(IF($K43=4,($L$1+$N$1)))))))))),"") -> 44.630769 | T43: =J43*2 -> 34 | U43: =IFERROR((T43-S43),"") -> -10.630769 | V43: =IFERROR((P43/(IF($K43=1,L$1,(IF($K43=2,(L$1+M$1),(IF($K43=3,(L$1+M$1+N$1),(IF($K43=4,(L$1+M$1+N$1+O$1)))))))))),"") -> 22.315385 | W43: =J43 -> 17 | X43: =IFERROR((W43-V43),"") -> -5.3153846 | Y43: =P43/11.75 -> 987.57447 | Z43: =Q43/11.75 -> 752.34043 | AA43: =Z43-Y43 -> -235.23404
C44: FY29 | D44: 1800's | E44: 16 | F44: 16 | G44: 20 | H44: 20 | I44: 20 | J44: =MIN(G44:I44) -> 20 | K44: 4 | L44: =IF($K44=1,$J44*L$1,"") | M44: =IF($K44=2,$J44*(M$1+L$1),"") | N44: =IF($K44=3,$J44*(L$1+M$1+N$1),"") | O44: =IF($K44=4,$J44*(L$1+M$1+N$1+O$1),"") -> 10400 | P44: 12630 | Q44: =SUM(L44:O44) -> 10400 | R44: =Q44-P44 -> -2230 | S44: =IFERROR(($P44/(IF($K44=1,$L$1,(IF($K44=2,($M$1),(IF($K44=3,($L$1+($N$1/2)),(IF($K44=4,($L$1+$N$1)))))))))),"") -> 48.576923 | T44: =J44*2 -> 40 | U44: =IFERROR((T44-S44),"") -> -8.5769231 | V44: =IFERROR((P44/(IF($K44=1,L$1,(IF($K44=2,(L$1+M$1),(IF($K44=3,(L$1+M$1+N$1),(IF($K44=4,(L$1+M$1+N$1+O$1)))))))))),"") -> 24.288462 | W44: =J44 -> 20 | X44: =IFERROR((W44-V44),"") -> -4.2884615 | Y44: =P44/11.75 -> 1074.8936 | Z44: =Q44/11.75 -> 885.10638 | AA44: =Z44-Y44 -> -189.78723
C45: FY26 | D45: 841's | G45: 0 | H45: 0 | I45: 0 | J45: =MIN(G45:I45) -> 0 | K45: 3 | L45: =IF($K45=1,$J45*L$1,"") | M45: =IF($K45=2,$J45*(M$1+L$1),"") | N45: =IF($K45=3,$J45*(L$1+M$1+N$1),"") -> 0 | O45: =IF($K45=4,$J45*(L$1+M$1+N$1+O$1),"") | Q45: =SUM(L45:O45) -> 0 | R45: =Q45-P45 -> 0 | S45: =IFERROR(($P45/(IF($K45=1,$L$1,(IF($K45=2,($M$1),(IF($K45=3,($L$1+($N$1/2)),(IF($K45=4,($L$1+$N$1)))))))))),"") -> 0 | T45: =J45*2 -> 0 | U45: =IFERROR((T45-S45),"") -> 0 | V45: =IFERROR((P45/(IF($K45=1,L$1,(IF($K45=2,(L$1+M$1),(IF($K45=3,(L$1+M$1+N$1),(IF($K45=4,(L$1+M$1+N$1+O$1)))))))))),"") -> 0 | W45: =J45 -> 0 | X45: =IFERROR((W45-V45),"") -> 0 | Y45: =P45/11.75 -> 0 | Z45: =Q45/11.75 -> 0 | AA45: =Z45-Y45 -> 0
C46: FY27 | D46: 841's | G46: 0 | H46: 0 | I46: 0 | J46: =MIN(G46:I46) -> 0 | K46: 3 | L46: =IF($K46=1,$J46*L$1,"") | M46: =IF($K46=2,$J46*(M$1+L$1),"") | N46: =IF($K46=3,$J46*(L$1+M$1+N$1),"") -> 0 | O46: =IF($K46=4,$J46*(L$1+M$1+N$1+O$1),"") | Q46: =SUM(L46:O46) -> 0 | R46: =Q46-P46 -> 0 | S46: =IFERROR(($P46/(IF($K46=1,$L$1,(IF($K46=2,($M$1),(IF($K46=3,($L$1+($N$1/2)),(IF($K46=4,($L$1+$N$1)))))))))),"") -> 0 | T46: =J46*2 -> 0 | U46: =IFERROR((T46-S46),"") -> 0 | V46: =IFERROR((P46/(IF($K46=1,L$1,(IF($K46=2,(L$1+M$1),(IF($K46=3,(L$1+M$1+N$1),(IF($K46=4,(L$1+M$1+N$1+O$1)))))))))),"") -> 0 | W46: =J46 -> 0 | X46: =IFERROR((W46-V46),"") -> 0 | Y46: =P46/11.75 -> 0 | Z46: =Q46/11.75 -> 0 | AA46: =Z46-Y46 -> 0
C47: FY28 | D47: 841's | E47: 3 | F47: 3 | G47: 3 | H47: 3 | I47: 3 | J47: =MIN(G47:I47) -> 3 | K47: 3 | L47: =IF($K47=1,$J47*L$1,"") | M47: =IF($K47=2,$J47*(M$1+L$1),"") | N47: =IF($K47=3,$J47*(L$1+M$1+N$1),"") -> 1350 | O47: =IF($K47=4,$J47*(L$1+M$1+N$1+O$1),"") | P47: 1175 | Q47: =SUM(L47:O47) -> 1350 | R47: =Q47-P47 -> 175 | S47: =IFERROR(($P47/(IF($K47=1,$L$1,(IF($K47=2,($M$1),(IF($K47=3,($L$1+($N$1/2)),(IF($K47=4,($L$1+$N$1)))))))))),"") -> 5.2222222 | T47: =J47*2 -> 6 | U47: =IFERROR((T47-S47),"") -> 0.77777778 | V47: =IFERROR((P47/(IF($K47=1,L$1,(IF($K47=2,(L$1+M$1),(IF($K47=3,(L$1+M$1+N$1),(IF($K47=4,(L$1+M$1+N$1+O$1)))))))))),"") -> 2.6111111 | W47: =J47 -> 3 | X47: =IFERROR((W47-V47),"") -> 0.38888889 | Y47: =P47/11.75 -> 100 | Z47: =Q47/11.75 -> 114.89362 | AA47: =Z47-Y47 -> 14.893617
C48: FY29 | D48: 841's | E48: 3 | F48: 3 | G48: 3 | H48: 3 | I48: 3 | J48: =MIN(G48:I48) -> 3 | K48: 3 | L48: =IF($K48=1,$J48*L$1,"") | M48: =IF($K48=2,$J48*(M$1+L$1),"") | N48: =IF($K48=3,$J48*(L$1+M$1+N$1),"") -> 1350 | O48: =IF($K48=4,$J48*(L$1+M$1+N$1+O$1),"") | P48: 1175 | Q48: =SUM(L48:O48) -> 1350 | R48: =Q48-P48 -> 175 | S48: =IFERROR(($P48/(IF($K48=1,$L$1,(IF($K48=2,($M$1),(IF($K48=3,($L$1+($N$1/2)),(IF($K48=4,($L$1+$N$1)))))))))),"") -> 5.2222222 | T48: =J48*2 -> 6 | U48: =IFERROR((T48-S48),"") -> 0.77777778 | V48: =IFERROR((P48/(IF($K48=1,L$1,(IF($K48=2,(L$1+M$1),(IF($K48=3,(L$1+M$1+N$1),(IF($K48=4,(L$1+M$1+N$1+O$1)))))))))),"") -> 2.6111111 | W48: =J48 -> 3 | X48: =IFERROR((W48-V48),"") -> 0.38888889 | Y48: =P48/11.75 -> 100 | Z48: =Q48/11.75 -> 114.89362 | AA48: =Z48-Y48 -> 14.893617
C51: Lex Support
C52: FY26 | D52: 1800's | E52: 8 | F52: 3.5 | G52: 3.5 | J52: =MIN(G52:I52) -> 3.5 | K52: 2 | L52: =IF($K52=1,$J52*L$1,"") | M52: =IF($K52=2,$J52*(M$1+L$1),"") -> 1330 | N52: =IF($K52=3,$J52*(L$1+M$1+N$1),"") | O52: =IF($K52=4,$J52*(L$1+M$1+N$1+O$1),"") | P52: 1275 | Q52: =SUM(L52:O52) -> 1330 | R52: =Q52-P52 -> 55 | T52: =J52*2 -> 7 | V52: =IFERROR((P52/(IF($K52=1,L$1,(IF($K52=2,(L$1+M$1),(IF($K52=3,(L$1+M$1+N$1),(IF($K52=4,(L$1+M$1+N$1+O$1)))))))))),"") -> 3.3552632 | W52: =J52 -> 3.5 | X52: =IFERROR((W52-V52),"") -> 0.14473684 | AB52: .- Agregar una mesa extra de ensamble al area de Exciters. .- Habilitar ambas roll dip al 100% para todas las familias.
C53: FY27 | D53: 1800's | E53: 10 | F53: 3.5 | G53: 3.5 | J53: =MIN(G53:I53) -> 3.5 | K53: 2 | L53: =IF($K53=1,$J53*L$1,"") | M53: =IF($K53=2,$J53*(M$1+L$1),"") -> 1330 | N53: =IF($K53=3,$J53*(L$1+M$1+N$1),"") | O53: =IF($K53=4,$J53*(L$1+M$1+N$1+O$1),"") | P53: 1275 | Q53: =SUM(L53:O53) -> 1330 | R53: =Q53-P53 -> 55 | T53: =J53*2 -> 7 | V53: =IFERROR((P53/(IF($K53=1,L$1,(IF($K53=2,(L$1+M$1),(IF($K53=3,(L$1+M$1+N$1),(IF($K53=4,(L$1+M$1+N$1+O$1)))))))))),"") -> 3.3552632 | W53: =J53 -> 3.5 | X53: =IFERROR((W53-V53),"") -> 0.14473684
C54: FY28 | D54: 1800's | E54: 17 | F54: 3.5 | G54: 3.5 | J54: =MIN(G54:I54) -> 3.5 | K54: 2 | L54: =IF($K54=1,$J54*L$1,"") | M54: =IF($K54=2,$J54*(M$1+L$1),"") -> 1330 | N54: =IF($K54=3,$J54*(L$1+M$1+N$1),"") | O54: =IF($K54=4,$J54*(L$1+M$1+N$1+O$1),"") | P54: 1275 | Q54: =SUM(L54:O54) -> 1330 | R54: =Q54-P54 -> 55 | T54: =J54*2 -> 7 | V54: =IFERROR((P54/(IF($K54=1,L$1,(IF($K54=2,(L$1+M$1),(IF($K54=3,(L$1+M$1+N$1),(IF($K54=4,(L$1+M$1+N$1+O$1)))))))))),"") -> 3.3552632 | W54: =J54 -> 3.5 | X54: =IFERROR((W54-V54),"") -> 0.14473684
C55: FY29 | D55: 1800's | E55: 17 | F55: 3.5 | G55: 3.5 | J55: =MIN(G55:I55) -> 3.5 | K55: 2 | L55: =IF($K55=1,$J55*L$1,"") | M55: =IF($K55=2,$J55*(M$1+L$1),"") -> 1330 | N55: =IF($K55=3,$J55*(L$1+M$1+N$1),"") | O55: =IF($K55=4,$J55*(L$1+M$1+N$1+O$1),"") | P55: 1275 | Q55: =SUM(L55:O55) -> 1330 | R55: =Q55-P55 -> 55 | T55: =J55*2 -> 7 | V55: =IFERROR((P55/(IF($K55=1,L$1,(IF($K55=2,(L$1+M$1),(IF($K55=3,(L$1+M$1+N$1),(IF($K55=4,(L$1+M$1+N$1+O$1)))))))))),"") -> 3.3552632 | W55: =J55 -> 3.5 | X55: =IFERROR((W55-V55),"") -> 0.14473684
C56: FY26 | D56: 841's | E56: 4 | F56: 4 | G56: 4 | J56: =MIN(G56:I56) -> 4 | K56: 2 | L56: =IF($K56=1,$J56*L$1,"") | M56: =IF($K56=2,$J56*(M$1+L$1),"") -> 1520 | N56: =IF($K56=3,$J56*(L$1+M$1+N$1),"") | O56: =IF($K56=4,$J56*(L$1+M$1+N$1+O$1),"") | P56: 1420 | Q56: =SUM(L56:O56) -> 1520 | R56: =Q56-P56 -> 100 | T56: =J56*2 -> 8 | V56: =IFERROR((P56/(IF($K56=1,L$1,(IF($K56=2,(L$1+M$1),(IF($K56=3,(L$1+M$1+N$1),(IF($K56=4,(L$1+M$1+N$1+O$1)))))))))),"") -> 3.7368421 | W56: =J56 -> 4 | X56: =IFERROR((W56-V56),"") -> 0.26315789
C57: FY27 | D57: 841's | E57: 4 | F57: 4 | G57: 4 | J57: =MIN(G57:I57) -> 4 | K57: 2 | L57: =IF($K57=1,$J57*L$1,"") | M57: =IF($K57=2,$J57*(M$1+L$1),"") -> 1520 | N57: =IF($K57=3,$J57*(L$1+M$1+N$1),"") | O57: =IF($K57=4,$J57*(L$1+M$1+N$1+O$1),"") | P57: 1420 | Q57: =SUM(L57:O57) -> 1520 | R57: =Q57-P57 -> 100 | T57: =J57*2 -> 8 | V57: =IFERROR((P57/(IF($K57=1,L$1,(IF($K57=2,(L$1+M$1),(IF($K57=3,(L$1+M$1+N$1),(IF($K57=4,(L$1+M$1+N$1+O$1)))))))))),"") -> 3.7368421 | W57: =J57 -> 4 | X57: =IFERROR((W57-V57),"") -> 0.26315789
C58: FY28 | D58: 841's | E58: 4 | F58: 4 | G58: 4 | J58: =MIN(G58:I58) -> 4 | K58: 2 | L58: =IF($K58=1,$J58*L$1,"") | M58: =IF($K58=2,$J58*(M$1+L$1),"") -> 1520 | N58: =IF($K58=3,$J58*(L$1+M$1+N$1),"") | O58: =IF($K58=4,$J58*(L$1+M$1+N$1+O$1),"") | P58: 1420 | Q58: =SUM(L58:O58) -> 1520 | R58: =Q58-P58 -> 100 | T58: =J58*2 -> 8 | V58: =IFERROR((P58/(IF($K58=1,L$1,(IF($K58=2,(L$1+M$1),(IF($K58=3,(L$1+M$1+N$1),(IF($K58=4,(L$1+M$1+N$1+O$1)))))))))),"") -> 3.7368421 | W58: =J58 -> 4 | X58: =IFERROR((W58-V58),"") -> 0.26315789
C59: FY29 | D59: 841's | E59: 4 | F59: 4 | G59: 4 | J59: =MIN(G59:I59) -> 4 | K59: 2 | L59: =IF($K59=1,$J59*L$1,"") | M59: =IF($K59=2,$J59*(M$1+L$1),"") -> 1520 | N59: =IF($K59=3,$J59*(L$1+M$1+N$1),"") | O59: =IF($K59=4,$J59*(L$1+M$1+N$1+O$1),"") | P59: 1420 | Q59: =SUM(L59:O59) -> 1520 | R59: =Q59-P59 -> 100 | T59: =J59*2 -> 8 | V59: =IFERROR((P59/(IF($K59=1,L$1,(IF($K59=2,(L$1+M$1),(IF($K59=3,(L$1+M$1+N$1),(IF($K59=4,(L$1+M$1+N$1+O$1)))))))))),"") -> 3.7368421 | W59: =J59 -> 4 | X59: =IFERROR((W59-V59),"") -> 0.26315789

Sheet Cap Updt
A1: Fiscal Year | B1: FY Order | C1: Value Stream | D1: Area | E1: Capacity / Area | F1: Total Capacity / Shift | G1: Operational Shift Plan | H1: Capacity in 1st | I1: Capacity in 2nd | J1: Capacity in 3rd | K1: Capacity in 4th | L1: Demand Type | M1: Demand | N1: Capacity | O1: Diff
A2: FY26 | B2: 1 | C2: 42-44 | D2: Coils | E2: =Capacity!E5 -> 0 | F2: =Capacity!$J$5 -> 4 | G2: =Capacity!$K$5 -> 1 | H2: =Capacity!$L$5 -> 760 | I2: =Capacity!$M$5 | J2: =Capacity!$N$5 | K2: =Capacity!$O$5 | L2: Yearly | M2: =Capacity!$P$5 -> 800 | N2: =Capacity!$Q$5 -> 760 | O2: =Capacity!$R$5 -> -40
A3: FY26 | B3: 1 | C3: 42-44 | D3: Exciters | E3: =Capacity!F5 -> 4.5 | F3: =Capacity!$J$5 -> 4 | G3: =Capacity!$K$5 -> 1 | H3: =Capacity!$L$5 -> 760 | I3: =Capacity!$M$5 | J3: =Capacity!$N$5 | K3: =Capacity!$O$5 | L3: Yearly | M3: =Capacity!$P$5 -> 800 | N3: =Capacity!$Q$5 -> 760 | O3: =Capacity!$R$5 -> -40
A4: FY26 | B4: 1 | C4: 42-44 | D4: RF | E4: =Capacity!G5 -> 4 | F4: =Capacity!$J$5 -> 4 | G4: =Capacity!$K$5 -> 1 | H4: =Capacity!$L$5 -> 760 | I4: =Capacity!$M$5 | J4: =Capacity!$N$5 | K4: =Capacity!$O$5 | L4: Yearly | M4: =Capacity!$P$5 -> 800 | N4: =Capacity!$Q$5 -> 760 | O4: =Capacity!$R$5 -> -40
A5: FY26 | B5: 1 | C5: 42-44 | D5: WC | E5: =Capacity!H5 -> 4 | F5: =Capacity!$J$5 -> 4 | G5: =Capacity!$K$5 -> 1 | H5: =Capacity!$L$5 -> 760 | I5: =Capacity!$M$5 | J5: =Capacity!$N$5 | K5: =Capacity!$O$5 | L5: Yearly | M5: =Capacity!$P$5 -> 800 | N5: =Capacity!$Q$5 -> 760 | O5: =Capacity!$R$5 -> -40
A6: FY26 | B6: 1 | C6: 42-44 | D6: FA | E6: =Capacity!I5 -> 4 | F6: =Capacity!$J$5 -> 4 | G6: =Capacity!$K$5 -> 1 | H6: =Capacity!$L$5 -> 760 | I6: =Capacity!$M$5 | J6: =Capacity!$N$5 | K6: =Capacity!$O$5 | L6: Yearly | M6: =Capacity!$P$5 -> 800 | N6: =Capacity!$Q$5 -> 760 | O6: =Capacity!$R$5 -> -40
A7: FY26 | B7: 1 | C7: 42-44 | D7: Coils | E7: =Capacity!E5 -> 0 | F7: =Capacity!$J$5 -> 4 | G7: =Capacity!$K$5 -> 1 | H7: =Capacity!$L$5 -> 760 | I7: =Capacity!$M$5 | J7: =Capacity!$N$5 | K7: =Capacity!$O$5 | L7: Daily | M7: =Capacity!$S$5 -> 4.2105263 | N7: =Capacity!$T$5 -> 4 | O7: =Capacity!$U$5 -> -0.21052632
A8: FY26 | B8: 1 | C8: 42-44 | D8: Exciters | E8: =Capacity!F5 -> 4.5 | F8: =Capacity!$J$5 -> 4 | G8: =Capacity!$K$5 -> 1 | H8: =Capacity!$L$5 -> 760 | I8: =Capacity!$M$5 | J8: =Capacity!$N$5 | K8: =Capacity!$O$5 | L8: Daily | M8: =Capacity!$S$5 -> 4.2105263 | N8: =Capacity!$T$5 -> 4 | O8: =Capacity!$U$5 -> -0.21052632
A9: FY26 | B9: 1 | C9: 42-44 | D9: RF | E9: =Capacity!G5 -> 4 | F9: =Capacity!$J$5 -> 4 | G9: =Capacity!$K$5 -> 1 | H9: =Capacity!$L$5 -> 760 | I9: =Capacity!$M$5 | J9: =Capacity!$N$5 | K9: =Capacity!$O$5 | L9: Daily | M9: =Capacity!$S$5 -> 4.2105263 | N9: =Capacity!$T$5 -> 4 | O9: =Capacity!$U$5 -> -0.21052632
A10: FY26 | B10: 1 | C10: 42-44 | D10: WC | E10: =Capacity!H5 -> 4 | F10: =Capacity!$J$5 -> 4 | G10: =Capacity!$K$5 -> 1 | H10: =Capacity!$L$5 -> 760 | I10: =Capacity!$M$5 | J10: =Capacity!$N$5 | K10: =Capacity!$O$5 | L10: Daily | M10: =Capacity!$S$5 -> 4.2105263 | N10: =Capacity!$T$5 -> 4 | O10: =Capacity!$U$5 -> -0.21052632
A11: FY26 | B11: 1 | C11: 42-44 | D11: FA | E11: =Capacity!I5 -> 4 | F11: =Capacity!$J$5 -> 4 | G11: =Capacity!$K$5 -> 1 | H11: =Capacity!$L$5 -> 760 | I11: =Capacity!$M$5 | J11: =Capacity!$N$5 | K11: =Capacity!$O$5 | L11: Daily | M11: =Capacity!$S$5 -> 4.2105263 | N11: =Capacity!$T$5 -> 4 | O11: =Capacity!$U$5 -> -0.21052632
A12: FY26 | B12: 1 | C12: 42-44 | D12: Coils | E12: =Capacity!E5 -> 0 | F12: =Capacity!$J$5 -> 4 | G12: =Capacity!$K$5 -> 1 | H12: =Capacity!$L$5 -> 760 | I12: =Capacity!$M$5 | J12: =Capacity!$N$5 | K12: =Capacity!$O$5 | L12: Shift | M12: =Capacity!$V$5 -> 4.2105263 | N12: =Capacity!$W$5 -> 4 | O12: =Capacity!$X$5 -> -0.21052632
A13: FY26 | B13: 1 | C13: 42-44 | D13: Exciters | E13: =Capacity!F5 -> 4.5 | F13: =Capacity!$J$5 -> 4 | G13: =Capacity!$K$5 -> 1 | H13: =Capacity!$L$5 -> 760 | I13: =Capacity!$M$5 | J13: =Capacity!$N$5 | K13: =Capacity!$O$5 | L13: Shift | M13: =Capacity!$V$5 -> 4.2105263 | N13: =Capacity!$W$5 -> 4 | O13: =Capacity!$X$5 -> -0.21052632
A14: FY26 | B14: 1 | C14: 42-44 | D14: RF | E14: =Capacity!G5 -> 4 | F14: =Capacity!$J$5 -> 4 | G14: =Capacity!$K$5 -> 1 | H14: =Capacity!$L$5 -> 760 | I14: =Capacity!$M$5 | J14: =Capacity!$N$5 | K14: =Capacity!$O$5 | L14: Shift | M14: =Capacity!$V$5 -> 4.2105263 | N14: =Capacity!$W$5 -> 4 | O14: =Capacity!$X$5 -> -0.21052632
A15: FY26 | B15: 1 | C15: 42-44 | D15: WC | E15: =Capacity!H5 -> 4 | F15: =Capacity!$J$5 -> 4 | G15: =Capacity!$K$5 -> 1 | H15: =Capacity!$L$5 -> 760 | I15: =Capacity!$M$5 | J15: =Capacity!$N$5 | K15: =Capacity!$O$5 | L15: Shift | M15: =Capacity!$V$5 -> 4.2105263 | N15: =Capacity!$W$5 -> 4 | O15: =Capacity!$X$5 -> -0.21052632
A16: FY26 | B16: 1 | C16: 42-44 | D16: FA | E16: =Capacity!I5 -> 4 | F16: =Capacity!$J$5 -> 4 | G16: =Capacity!$K$5 -> 1 | H16: =Capacity!$L$5 -> 760 | I16: =Capacity!$M$5 | J16: =Capacity!$N$5 | K16: =Capacity!$O$5 | L16: Shift | M16: =Capacity!$V$5 -> 4.2105263 | N16: =Capacity!$W$5 -> 4 | O16: =Capacity!$X$5 -> -0.21052632
A17: FY26 | B17: 1 | C17: 42-44 | D17: Coils | E17: =Capacity!E5 -> 0 | F17: =Capacity!$J$5 -> 4 | G17: =Capacity!$K$5 -> 1 | H17: =Capacity!$L$5 -> 760 | I17: =Capacity!$M$5 | J17: =Capacity!$N$5 | K17: =Capacity!$O$5 | L17: Monthly | M17: =Capacity!$Y$5 -> 68.085106 | N17: =Capacity!$Z$5 -> 64.680851 | O17: =Capacity!$AA$5 -> -3.4042553
A18: FY26 | B18: 1 | C18: 42-44 | D18: Exciters | E18: =Capacity!F5 -> 4.5 | F18: =Capacity!$J$5 -> 4 | G18: =Capacity!$K$5 -> 1 | H18: =Capacity!$L$5 -> 760 | I18: =Capacity!$M$5 | J18: =Capacity!$N$5 | K18: =Capacity!$O$5 | L18: Monthly | M18: =Capacity!$Y$5 -> 68.085106 | N18: =Capacity!$Z$5 -> 64.680851 | O18: =Capacity!$AA$5 -> -3.4042553
A19: FY26 | B19: 1 | C19: 42-44 | D19: RF | E19: =Capacity!G5 -> 4 | F19: =Capacity!$J$5 -> 4 | G19: =Capacity!$K$5 -> 1 | H19: =Capacity!$L$5 -> 760 | I19: =Capacity!$M$5 | J19: =Capacity!$N$5 | K19: =Capacity!$O$5 | L19: Monthly | M19: =Capacity!$Y$5 -> 68.085106 | N19: =Capacity!$Z$5 -> 64.680851 | O19: =Capacity!$AA$5 -> -3.4042553
A20: FY26 | B20: 1 | C20: 42-44 | D20: WC | E20: =Capacity!H5 -> 4 | F20: =Capacity!$J$5 -> 4 | G20: =Capacity!$K$5 -> 1 | H20: =Capacity!$L$5 -> 760 | I20: =Capacity!$M$5 | J20: =Capacity!$N$5 | K20: =Capacity!$O$5 | L20: Monthly | M20: =Capacity!$Y$5 -> 68.085106 | N20: =Capacity!$Z$5 -> 64.680851 | O20: =Capacity!$AA$5 -> -3.4042553
A21: FY26 | B21: 1 | C21: 42-44 | D21: FA | E21: =Capacity!I5 -> 4 | F21: =Capacity!$J$5 -> 4 | G21: =Capacity!$K$5 -> 1 | H21: =Capacity!$L$5 -> 760 | I21: =Capacity!$M$5 | J21: =Capacity!$N$5 | K21: =Capacity!$O$5 | L21: Monthly | M21: =Capacity!$Y$5 -> 68.085106 | N21: =Capacity!$Z$5 -> 64.680851 | O21: =Capacity!$AA$5 -> -3.4042553
A22: FY27 | B22: 2 | C22: 42-44 | D22: Coils | E22: =Capacity!$E$6 -> 0 | F22: =Capacity!$J$6 -> 0 | G22: =Capacity!$K$6 -> 0 | H22: =Capacity!$L$6 | I22: =Capacity!$M$6 | J22: =Capacity!$N$6 | K22: =Capacity!$O$6 | L22: Yearly | M22: =Capacity!$P$6 -> 0 | N22: =Capacity!$Q$6 -> 0 | O22: =Capacity!$R$6 -> 0
A23: FY27 | B23: 2 | C23: 42-44 | D23: Exciters | E23: =Capacity!$F$6 -> 0 | F23: =Capacity!$J$6 -> 0 | G23: =Capacity!$K$6 -> 0 | H23: =Capacity!$L$6 | I23: =Capacity!$M$6 | J23: =Capacity!$N$6 | K23: =Capacity!$O$6 | L23: Yearly | M23: =Capacity!$P$6 -> 0 | N23: =Capacity!$Q$6 -> 0 | O23: =Capacity!$R$6 -> 0
A24: FY27 | B24: 2 | C24: 42-44 | D24: RF | E24: =Capacity!$G$6 -> 0 | F24: =Capacity!$J$6 -> 0 | G24: =Capacity!$K$6 -> 0 | H24: =Capacity!$L$6 | I24: =Capacity!$M$6 | J24: =Capacity!$N$6 | K24: =Capacity!$O$6 | L24: Yearly | M24: =Capacity!$P$6 -> 0 | N24: =Capacity!$Q$6 -> 0 | O24: =Capacity!$R$6 -> 0
A25: FY27 | B25: 2 | C25: 42-44 | D25: WC | E25: =Capacity!$H$6 -> 0 | F25: =Capacity!$J$6 -> 0 | G25: =Capacity!$K$6 -> 0 | H25: =Capacity!$L$6 | I25: =Capacity!$M$6 | J25: =Capacity!$N$6 | K25: =Capacity!$O$6 | L25: Yearly | M25: =Capacity!$P$6 -> 0 | N25: =Capacity!$Q$6 -> 0 | O25: =Capacity!$R$6 -> 0
A26: FY27 | B26: 2 | C26: 42-44 | D26: FA | E26: =Capacity!$I$6 -> 0 | F26: =Capacity!$J$6 -> 0 | G26: =Capacity!$K$6 -> 0 | H26: =Capacity!$L$6 | I26: =Capacity!$M$6 | J26: =Capacity!$N$6 | K26: =Capacity!$O$6 | L26: Yearly | M26: =Capacity!$P$6 -> 0 | N26: =Capacity!$Q$6 -> 0 | O26: =Capacity!$R$6 -> 0
A27: FY26 | B27: 1 | C27: 1800's | D27: Coils | E27: =Capacity!$E$41 -> 8 | F27: =Capacity!$J$41 -> 8 | G27: =Capacity!$K$41 -> 4 | H27: =Capacity!$L$41 | I27: =Capacity!$M$41 | J27: =Capacity!$N$41 | K27: =Capacity!$O$41 -> 4160 | L27: Yearly | M27: =Capacity!$P$41 -> 5117 | N27: =Capacity!$Q$41 -> 4160 | O27: =Capacity!$R$41 -> -957
A28: FY26 | B28: 1 | C28: 1800's | D28: Exciters | E28: =Capacity!$F$41 -> 8 | F28: =Capacity!$J$41 -> 8 | G28: =Capacity!$K$41 -> 4 | H28: =Capacity!$L$41 | I28: =Capacity!$M$41 | J28: =Capacity!$N$41 | K28: =Capacity!$O$41 -> 4160 | L28: Yearly | M28: =Capacity!$P$41 -> 5117 | N28: =Capacity!$Q$41 -> 4160 | O28: =Capacity!$R$41 -> -957
A29: FY26 | B29: 1 | C29: 1800's | D29: RF | E29: =Capacity!$G$41 -> 8 | F29: =Capacity!$J$41 -> 8 | G29: =Capacity!$K$41 -> 4 | H29: =Capacity!$L$41 | I29: =Capacity!$M$41 | J29: =Capacity!$N$41 | K29: =Capacity!$O$41 -> 4160 | L29: Yearly | M29: =Capacity!$P$41 -> 5117 | N29: =Capacity!$Q$41 -> 4160 | O29: =Capacity!$R$41 -> -957
A30: FY26 | B30: 1 | C30: 1800's | D30: WC | E30: =Capacity!$H$41 -> 8 | F30: =Capacity!$J$41 -> 8 | G30: =Capacity!$K$41 -> 4 | H30: =Capacity!$L$41 | I30: =Capacity!$M$41 | J30: =Capacity!$N$41 | K30: =Capacity!$O$41 -> 4160 | L30: Yearly | M30: =Capacity!$P$41 -> 5117 | N30: =Capacity!$Q$41 -> 4160 | O30: =Capacity!$R$41 -> -957
A31: FY26 | B31: 1 | C31: 1800's | D31: FA | E31: =Capacity!$I$41 -> 8 | F31: =Capacity!$J$41 -> 8 | G31: =Capacity!$K$41 -> 4 | H31: =Capacity!$L$41 | I31: =Capacity!$M$41 | J31: =Capacity!$N$41 | K31: =Capacity!$O$41 -> 4160 | L31: Yearly | M31: =Capacity!$P$41 -> 5117 | N31: =Capacity!$Q$41 -> 4160 | O31: =Capacity!$R$41 -> -957
A32: FY26 | B32: 1 | C32: 1800's | D32: Coils | E32: =Capacity!$E$41 -> 8 | F32: =Capacity!$J$41 -> 8 | G32: =Capacity!$K$41 -> 4 | H32: =Capacity!$L$41 | I32: =Capacity!$M$41 | J32: =Capacity!$N$41 | K32: =Capacity!$O$41 -> 4160 | L32: Daily | M32: =Capacity!$S$41 -> 19.680769 | N32: =Capacity!$T$41 -> 16 | O32: =Capacity!$U$41 -> -3.6807692
A33: FY26 | B33: 1 | C33: 1800's | D33: Exciters | E33: =Capacity!$F$41 -> 8 | F33: =Capacity!$J$41 -> 8 | G33: =Capacity!$K$41 -> 4 | H33: =Capacity!$L$41 | I33: =Capacity!$M$41 | J33: =Capacity!$N$41 | K33: =Capacity!$O$41 -> 4160 | L33: Daily | M33: =Capacity!$S$41 -> 19.680769 | N33: =Capacity!$T$41 -> 16 | O33: =Capacity!$U$41 -> -3.6807692
A34: FY26 | B34: 1 | C34: 1800's | D34: RF | E34: =Capacity!$G$41 -> 8 | F34: =Capacity!$J$41 -> 8 | G34: =Capacity!$K$41 -> 4 | H34: =Capacity!$L$41 | I34: =Capacity!$M$41 | J34: =Capacity!$N$41 | K34: =Capacity!$O$41 -> 4160 | L34: Daily | M34: =Capacity!$S$41 -> 19.680769 | N34: =Capacity!$T$41 -> 16 | O34: =Capacity!$U$41 -> -3.6807692
A35: FY26 | B35: 1 | C35: 1800's | D35: WC | E35: =Capacity!$H$41 -> 8 | F35: =Capacity!$J$41 -> 8 | G35: =Capacity!$K$41 -> 4 | H35: =Capacity!$L$41 | I35: =Capacity!$M$41 | J35: =Capacity!$N$41 | K35: =Capacity!$O$41 -> 4160 | L35: Daily | M35: =Capacity!$S$41 -> 19.680769 | N35: =Capacity!$T$41 -> 16 | O35: =Capacity!$U$41 -> -3.6807692
A36: FY26 | B36: 1 | C36: 1800's | D36: FA | E36: =Capacity!$I$41 -> 8 | F36: =Capacity!$J$41 -> 8 | G36: =Capacity!$K$41 -> 4 | H36: =Capacity!$L$41 | I36: =Capacity!$M$41 | J36: =Capacity!$N$41 | K36: =Capacity!$O$41 -> 4160 | L36: Daily | M36: =Capacity!$S$41 -> 19.680769 | N36: =Capacity!$T$41 -> 16 | O36: =Capacity!$U$41 -> -3.6807692
A37: FY26 | B37: 1 | C37: 1800's | D37: Coils | E37: =Capacity!$I$41 -> 8 | F37: =Capacity!$J$41 -> 8 | G37: =Capacity!$K$41 -> 4 | H37: =Capacity!$L$41 | I37: =Capacity!$M$41 | J37: =Capacity!$N$41 | K37: =Capacity!$O$41 -> 4160 | L37: Shift | M37: =Capacity!$V$41 -> 9.8403846 | N37: =Capacity!$W$41 -> 8 | O37: =Capacity!$X$41 -> -1.8403846
A38: FY26 | B38: 1 | C38: 1800's | D38: Exciters | E38: =Capacity!$I$41 -> 8 | F38: =Capacity!$J$41 -> 8 | G38: =Capacity!$K$41 -> 4 | H38: =Capacity!$L$41 | I38: =Capacity!$M$41 | J38: =Capacity!$N$41 | K38: =Capacity!$O$41 -> 4160 | L38: Shift | M38: =Capacity!$V$41 -> 9.8403846 | N38: =Capacity!$W$41 -> 8 | O38: =Capacity!$X$41 -> -1.8403846
A39: FY26 | B39: 1 | C39: 1800's | D39: RF | E39: =Capacity!$I$41 -> 8 | F39: =Capacity!$J$41 -> 8 | G39: =Capacity!$K$41 -> 4 | H39: =Capacity!$L$41 | I39: =Capacity!$M$41 | J39: =Capacity!$N$41 | K39: =Capacity!$O$41 -> 4160 | L39: Shift | M39: =Capacity!$V$41 -> 9.8403846 | N39: =Capacity!$W$41 -> 8 | O39: =Capacity!$X$41 -> -1.8403846
A40: FY26 | B40: 1 | C40: 1800's | D40: WC | E40: =Capacity!$I$41 -> 8 | F40: =Capacity!$J$41 -> 8 | G40: =Capacity!$K$41 -> 4 | H40: =Capacity!$L$41 | I40: =Capacity!$M$41 | J40: =Capacity!$N$41 | K40: =Capacity!$O$41 -> 4160 | L40: Shift | M40: =Capacity!$V$41 -> 9.8403846 | N40: =Capacity!$W$41 -> 8 | O40: =Capacity!$X$41 -> -1.8403846
A41: FY26 | B41: 1 | C41: 1800's | D41: FA | E41: =Capacity!$I$41 -> 8 | F41: =Capacity!$J$41 -> 8 | G41: =Capacity!$K$41 -> 4 | H41: =Capacity!$L$41 | I41: =Capacity!$M$41 | J41: =Capacity!$N$41 | K41: =Capacity!$O$41 -> 4160 | L41: Shift | M41: =Capacity!$V$41 -> 9.8403846 | N41: =Capacity!$W$41 -> 8 | O41: =Capacity!$X$41 -> -1.8403846
A42: FY26 | B42: 1 | C42: 1800's | D42: Coils | E42: =Capacity!$I$41 -> 8 | F42: =Capacity!$J$41 -> 8 | G42: =Capacity!$K$41 -> 4 | H42: =Capacity!$L$41 | I42: =Capacity!$M$41 | J42: =Capacity!$N$41 | K42: =Capacity!$O$41 -> 4160 | L42: Monthly | M42: =Capacity!$Y$41 -> 435.48936 | N42: =Capacity!$Z$41 -> 354.04255 | O42: =Capacity!$AA$41 -> -81.446809
A43: FY26 | B43: 1 | C43: 1800's | D43: Exciters | E43: =Capacity!$I$41 -> 8 | F43: =Capacity!$J$41 -> 8 | G43: =Capacity!$K$41 -> 4 | H43: =Capacity!$L$41 | I43: =Capacity!$M$41 | J43: =Capacity!$N$41 | K43: =Capacity!$O$41 -> 4160 | L43: Monthly | M43: =Capacity!$Y$41 -> 435.48936 | N43: =Capacity!$Z$41 -> 354.04255 | O43: =Capacity!$AA$41 -> -81.446809
A44: FY26 | B44: 1 | C44: 1800's | D44: RF | E44: =Capacity!$I$41 -> 8 | F44: =Capacity!$J$41 -> 8 | G44: =Capacity!$K$41 -> 4 | H44: =Capacity!$L$41 | I44: =Capacity!$M$41 | J44: =Capacity!$N$41 | K44: =Capacity!$O$41 -> 4160 | L44: Monthly | M44: =Capacity!$Y$41 -> 435.48936 | N44: =Capacity!$Z$41 -> 354.04255 | O44: =Capacity!$AA$41 -> -81.446809
A45: FY26 | B45: 1 | C45: 1800's | D45: WC | E45: =Capacity!$I$41 -> 8 | F45: =Capacity!$J$41 -> 8 | G45: =Capacity!$K$41 -> 4 | H45: =Capacity!$L$41 | I45: =Capacity!$M$41 | J45: =Capacity!$N$41 | K45: =Capacity!$O$41 -> 4160 | L45: Monthly | M45: =Capacity!$Y$41 -> 435.48936 | N45: =Capacity!$Z$41 -> 354.04255 | O45: =Capacity!$AA$41 -> -81.446809
A46: FY26 | B46: 1 | C46: 1800's | D46: FA | E46: =Capacity!$I$41 -> 8 | F46: =Capacity!$J$41 -> 8 | G46: =Capacity!$K$41 -> 4 | H46: =Capacity!$L$41 | I46: =Capacity!$M$41 | J46: =Capacity!$N$41 | K46: =Capacity!$O$41 -> 4160 | L46: Monthly | M46: =Capacity!$Y$41 -> 435.48936 | N46: =Capacity!$Z$41 -> 354.04255 | O46: =Capacity!$AA$41 -> -81.446809
A47: FY27 | B47: 2 | C47: 1800's | D47: Coils | E47: =Capacity!$E$42 -> 10 | F47: =Capacity!$J$42 -> 10 | G47: =Capacity!$K$42 -> 4 | H47: =Capacity!$L$42 | I47: =Capacity!$M$42 | J47: =Capacity!$N$42 | K47: =Capacity!$O$42 -> 5200 | L47: Yearly | M47: =Capacity!$P$42 -> 6916 | N47: =Capacity!$Q$42 -> 5200 | O47: =Capacity!$R$42 -> -1716
A48: FY27 | B48: 2 | C48: 1800's | D48: Exciters | E48: =Capacity!$F$42 -> 10 | F48: =Capacity!$J$42 -> 10 | G48: =Capacity!$K$42 -> 4 | H48: =Capacity!$L$42 | I48: =Capacity!$M$42 | J48: =Capacity!$N$42 | K48: =Capacity!$O$42 -> 5200 | L48: Yearly | M48: =Capacity!$P$42 -> 6916 | N48: =Capacity!$Q$42 -> 5200 | O48: =Capacity!$R$42 -> -1716
A49: FY27 | B49: 2 | C49: 1800's | D49: RF | E49: =Capacity!$G$42 -> 10 | F49: =Capacity!$J$42 -> 10 | G49: =Capacity!$K$42 -> 4 | H49: =Capacity!$L$42 | I49: =Capacity!$M$42 | J49: =Capacity!$N$42 | K49: =Capacity!$O$42 -> 5200 | L49: Yearly | M49: =Capacity!$P$42 -> 6916 | N49: =Capacity!$Q$42 -> 5200 | O49: =Capacity!$R$42 -> -1716
A50: FY27 | B50: 2 | C50: 1800's | D50: WC | E50: =Capacity!$H$42 -> 10.3 | F50: =Capacity!$J$42 -> 10 | G50: =Capacity!$K$42 -> 4 | H50: =Capacity!$L$42 | I50: =Capacity!$M$42 | J50: =Capacity!$N$42 | K50: =Capacity!$O$42 -> 5200 | L50: Yearly | M50: =Capacity!$P$42 -> 6916 | N50: =Capacity!$Q$42 -> 5200 | O50: =Capacity!$R$42 -> -1716
A51: FY27 | B51: 2 | C51: 1800's | D51: FA | E51: =Capacity!$I$42 -> 11 | F51: =Capacity!$J$42 -> 10 | G51: =Capacity!$K$42 -> 4 | H51: =Capacity!$L$42 | I51: =Capacity!$M$42 | J51: =Capacity!$N$42 | K51: =Capacity!$O$42 -> 5200 | L51: Yearly | M51: =Capacity!$P$42 -> 6916 | N51: =Capacity!$Q$42 -> 5200 | O51: =Capacity!$R$42 -> -1716
A52: FY27 | B52: 2 | C52: 1800's | D52: Coils | E52: =Capacity!$E$42 -> 10 | F52: =Capacity!$J$42 -> 10 | G52: =Capacity!$K$42 -> 4 | H52: =Capacity!$L$42 | I52: =Capacity!$M$42 | J52: =Capacity!$N$42 | K52: =Capacity!$O$42 -> 5200 | L52: Daily | M52: =Capacity!$S$42 -> 26.6 | N52: =Capacity!$T$42 -> 20 | O52: =Capacity!$U$42 -> -6.6
A53: FY27 | B53: 2 | C53: 1800's | D53: Exciters | E53: =Capacity!$F$42 -> 10 | F53: =Capacity!$J$42 -> 10 | G53: =Capacity!$K$42 -> 4 | H53: =Capacity!$L$42 | I53: =Capacity!$M$42 | J53: =Capacity!$N$42 | K53: =Capacity!$O$42 -> 5200 | L53: Daily | M53: =Capacity!$S$42 -> 26.6 | N53: =Capacity!$T$42 -> 20 | O53: =Capacity!$U$42 -> -6.6
A54: FY27 | B54: 2 | C54: 1800's | D54: RF | E54: =Capacity!$G$42 -> 10 | F54: =Capacity!$J$42 -> 10 | G54: =Capacity!$K$42 -> 4 | H54: =Capacity!$L$42 | I54: =Capacity!$M$42 | J54: =Capacity!$N$42 | K54: =Capacity!$O$42 -> 5200 | L54: Daily | M54: =Capacity!$S$42 -> 26.6 | N54: =Capacity!$T$42 -> 20 | O54: =Capacity!$U$42 -> -6.6
A55: FY27 | B55: 2 | C55: 1800's | D55: WC | E55: =Capacity!$H$42 -> 10.3 | F55: =Capacity!$J$42 -> 10 | G55: =Capacity!$K$42 -> 4 | H55: =Capacity!$L$42 | I55: =Capacity!$M$42 | J55: =Capacity!$N$42 | K55: =Capacity!$O$42 -> 5200 | L55: Daily | M55: =Capacity!$S$42 -> 26.6 | N55: =Capacity!$T$42 -> 20 | O55: =Capacity!$U$42 -> -6.6
A56: FY27 | B56: 2 | C56: 1800's | D56: FA | E56: =Capacity!$I$42 -> 11 | F56: =Capacity!$J$42 -> 10 | G56: =Capacity!$K$42 -> 4 | H56: =Capacity!$L$42 | I56: =Capacity!$M$42 | J56: =Capacity!$N$42 | K56: =Capacity!$O$42 -> 5200 | L56: Daily | M56: =Capacity!$S$42 -> 26.6 | N56: =Capacity!$T$42 -> 20 | O56: =Capacity!$U$42 -> -6.6
A57: FY27 | B57: 2 | C57: 1800's | D57: Coils | E57: =Capacity!$E$42 -> 10 | F57: =Capacity!$J$42 -> 10 | G57: =Capacity!$K$42 -> 4 | H57: =Capacity!$L$42 | I57: =Capacity!$M$42 | J57: =Capacity!$N$42 | K57: =Capacity!$O$42 -> 5200 | L57: Shift | M57: =Capacity!$V$42 -> 13.3 | N57: =Capacity!$W$42 -> 10 | O57: =Capacity!$X$42 -> -3.3
A58: FY27 | B58: 2 | C58: 1800's | D58: Exciters | E58: =Capacity!$F$42 -> 10 | F58: =Capacity!$J$42 -> 10 | G58: =Capacity!$K$42 -> 4 | H58: =Capacity!$L$42 | I58: =Capacity!$M$42 | J58: =Capacity!$N$42 | K58: =Capacity!$O$42 -> 5200 | L58: Shift | M58: =Capacity!$V$42 -> 13.3 | N58: =Capacity!$W$42 -> 10 | O58: =Capacity!$X$42 -> -3.3
A59: FY27 | B59: 2 | C59: 1800's | D59: RF | E59: =Capacity!$G$42 -> 10 | F59: =Capacity!$J$42 -> 10 | G59: =Capacity!$K$42 -> 4 | H59: =Capacity!$L$42 | I59: =Capacity!$M$42 | J59: =Capacity!$N$42 | K59: =Capacity!$O$42 -> 5200 | L59: Shift | M59: =Capacity!$V$42 -> 13.3 | N59: =Capacity!$W$42 -> 10 | O59: =Capacity!$X$42 -> -3.3
A60: FY27 | B60: 2 | C60: 1800's | D60: WC | E60: =Capacity!$H$42 -> 10.3 | F60: =Capacity!$J$42 -> 10 | G60: =Capacity!$K$42 -> 4 | H60: =Capacity!$L$42 | I60: =Capacity!$M$42 | J60: =Capacity!$N$42 | K60: =Capacity!$O$42 -> 5200 | L60: Shift | M60: =Capacity!$V$42 -> 13.3 | N60: =Capacity!$W$42 -> 10 | O60: =Capacity!$X$42 -> -3.3
A61: FY27 | B61: 2 | C61: 1800's | D61: FA | E61: =Capacity!$I$42 -> 11 | F61: =Capacity!$J$42 -> 10 | G61: =Capacity!$K$42 -> 4 | H61: =Capacity!$L$42 | I61: =Capacity!$M$42 | J61: =Capacity!$N$42 | K61: =Capacity!$O$42 -> 5200 | L61: Shift | M61: =Capacity!$V$42 -> 13.3 | N61: =Capacity!$W$42 -> 10 | O61: =Capacity!$X$42 -> -3.3
A62: FY27 | B62: 2 | C62: 1800's | D62: Coils | E62: =Capacity!$E$42 -> 10 | F62: =Capacity!$J$42 -> 10 | G62: =Capacity!$K$42 -> 4 | H62: =Capacity!$L$42 | I62: =Capacity!$M$42 | J62: =Capacity!$N$42 | K62: =Capacity!$O$42 -> 5200 | L62: Monthly | M62: =Capacity!$Y$42 -> 588.59574 | N62: =Capacity!$Z$42 -> 442.55319 | O62: =Capacity!$AA$42 -> -146.04255
A63: FY27 | B63: 2 | C63: 1800's | D63: Exciters | E63: =Capacity!$F$42 -> 10 | F63: =Capacity!$J$42 -> 10 | G63: =Capacity!$K$42 -> 4 | H63: =Capacity!$L$42 | I63: =Capacity!$M$42 | J63: =Capacity!$N$42 | K63: =Capacity!$O$42 -> 5200 | L63: Monthly | M63: =Capacity!$Y$42 -> 588.59574 | N63: =Capacity!$Z$42 -> 442.55319 | O63: =Capacity!$AA$42 -> -146.04255
A64: FY27 | B64: 2 | C64: 1800's | D64: RF | E64: =Capacity!$G$42 -> 10 | F64: =Capacity!$J$42 -> 10 | G64: =Capacity!$K$42 -> 4 | H64: =Capacity!$L$42 | I64: =Capacity!$M$42 | J64: =Capacity!$N$42 | K64: =Capacity!$O$42 -> 5200 | L64: Monthly | M64: =Capacity!$Y$42 -> 588.59574 | N64: =Capacity!$Z$42 -> 442.55319 | O64: =Capacity!$AA$42 -> -146.04255
A65: FY27 | B65: 2 | C65: 1800's | D65: WC | E65: =Capacity!$H$42 -> 10.3 | F65: =Capacity!$J$42 -> 10 | G65: =Capacity!$K$42 -> 4 | H65: =Capacity!$L$42 | I65: =Capacity!$M$42 | J65: =Capacity!$N$42 | K65: =Capacity!$O$42 -> 5200 | L65: Monthly | M65: =Capacity!$Y$42 -> 588.59574 | N65: =Capacity!$Z$42 -> 442.55319 | O65: =Capacity!$AA$42 -> -146.04255
A66: FY27 | B66: 2 | C66: 1800's | D66: FA | E66: =Capacity!$I$42 -> 11 | F66: =Capacity!$J$42 -> 10 | G66: =Capacity!$K$42 -> 4 | H66: =Capacity!$L$42 | I66: =Capacity!$M$42 | J66: =Capacity!$N$42 | K66: =Capacity!$O$42 -> 5200 | L66: Monthly | M66: =Capacity!$Y$42 -> 588.59574 | N66: =Capacity!$Z$42 -> 442.55319 | O66: =Capacity!$AA$42 -> -146.04255
A67: FY28 | B67: 3 | C67: 1800's | D67: Coils | E67: =Capacity!$E$43 -> 17 | F67: =Capacity!$J$43 -> 17 | G67: =Capacity!$K$43 -> 4 | H67: =Capacity!$L$43 | I67: =Capacity!$M$43 | J67: =Capacity!$N$43 | K67: =Capacity!$O$43 -> 8840 | L67: Yearly | M67: =Capacity!$P$43 -> 11604 | N67: =Capacity!$Q$43 -> 8840 | O67: =Capacity!$R$43 -> -2764
A68: FY28 | B68: 3 | C68: 1800's | D68: Exciters | E68: =Capacity!$F$43 -> 17 | F68: =Capacity!$J$43 -> 17 | G68: =Capacity!$K$43 -> 4 | H68: =Capacity!$L$43 | I68: =Capacity!$M$43 | J68: =Capacity!$N$43 | K68: =Capacity!$O$43 -> 8840 | L68: Yearly | M68: =Capacity!$P$43 -> 11604 | N68: =Capacity!$Q$43 -> 8840 | O68: =Capacity!$R$43 -> -2764
A69: FY28 | B69: 3 | C69: 1800's | D69: RF | E69: =Capacity!$G$43 -> 17 | F69: =Capacity!$J$43 -> 17 | G69: =Capacity!$K$43 -> 4 | H69: =Capacity!$L$43 | I69: =Capacity!$M$43 | J69: =Capacity!$N$43 | K69: =Capacity!$O$43 -> 8840 | L69: Yearly | M69: =Capacity!$P$43 -> 11604 | N69: =Capacity!$Q$43 -> 8840 | O69: =Capacity!$R$43 -> -2764
A70: FY28 | B70: 3 | C70: 1800's | D70: WC | E70: =Capacity!$H$43 -> 17 | F70: =Capacity!$J$43 -> 17 | G70: =Capacity!$K$43 -> 4 | H70: =Capacity!$L$43 | I70: =Capacity!$M$43 | J70: =Capacity!$N$43 | K70: =Capacity!$O$43 -> 8840 | L70: Yearly | M70: =Capacity!$P$43 -> 11604 | N70: =Capacity!$Q$43 -> 8840 | O70: =Capacity!$R$43 -> -2764
A71: FY28 | B71: 3 | C71: 1800's | D71: FA | E71: =Capacity!$I$43 -> 17 | F71: =Capacity!$J$43 -> 17 | G71: =Capacity!$K$43 -> 4 | H71: =Capacity!$L$43 | I71: =Capacity!$M$43 | J71: =Capacity!$N$43 | K71: =Capacity!$O$43 -> 8840 | L71: Yearly | M71: =Capacity!$P$43 -> 11604 | N71: =Capacity!$Q$43 -> 8840 | O71: =Capacity!$R$43 -> -2764
A72: FY28 | B72: 3 | C72: 1800's | D72: Coils | E72: =Capacity!$I$43 -> 17 | F72: =Capacity!$J$43 -> 17 | G72: =Capacity!$K$43 -> 4 | H72: =Capacity!$L$43 | I72: =Capacity!$M$43 | J72: =Capacity!$N$43 | K72: =Capacity!$O$43 -> 8840 | L72: Daily | M72: =Capacity!$S$43 -> 44.630769 | N72: =Capacity!$T$43 -> 34 | O72: =Capacity!$U$43 -> -10.630769
A73: FY28 | B73: 3 | C73: 1800's | D73: Exciters | E73: =Capacity!$I$43 -> 17 | F73: =Capacity!$J$43 -> 17 | G73: =Capacity!$K$43 -> 4 | H73: =Capacity!$L$43 | I73: =Capacity!$M$43 | J73: =Capacity!$N$43 | K73: =Capacity!$O$43 -> 8840 | L73: Daily | M73: =Capacity!$S$43 -> 44.630769 | N73: =Capacity!$T$43 -> 34 | O73: =Capacity!$U$43 -> -10.630769
A74: FY28 | B74: 3 | C74: 1800's | D74: RF | E74: =Capacity!$I$43 -> 17 | F74: =Capacity!$J$43 -> 17 | G74: =Capacity!$K$43 -> 4 | H74: =Capacity!$L$43 | I74: =Capacity!$M$43 | J74: =Capacity!$N$43 | K74: =Capacity!$O$43 -> 8840 | L74: Daily | M74: =Capacity!$S$43 -> 44.630769 | N74: =Capacity!$T$43 -> 34 | O74: =Capacity!$U$43 -> -10.630769
A75: FY28 | B75: 3 | C75: 1800's | D75: WC | E75: =Capacity!$I$43 -> 17 | F75: =Capacity!$J$43 -> 17 | G75: =Capacity!$K$43 -> 4 | H75: =Capacity!$L$43 | I75: =Capacity!$M$43 | J75: =Capacity!$N$43 | K75: =Capacity!$O$43 -> 8840 | L75: Daily | M75: =Capacity!$S$43 -> 44.630769 | N75: =Capacity!$T$43 -> 34 | O75: =Capacity!$U$43 -> -10.630769
A76: FY28 | B76: 3 | C76: 1800's | D76: FA | E76: =Capacity!$I$43 -> 17 | F76: =Capacity!$J$43 -> 17 | G76: =Capacity!$K$43 -> 4 | H76: =Capacity!$L$43 | I76: =Capacity!$M$43 | J76: =Capacity!$N$43 | K76: =Capacity!$O$43 -> 8840 | L76: Daily | M76: =Capacity!$S$43 -> 44.630769 | N76: =Capacity!$T$43 -> 34 | O76: =Capacity!$U$43 -> -10.630769
A77: FY28 | B77: 3 | C77: 1800's | D77: Coils | E77: =Capacity!$I$43 -> 17 | F77: =Capacity!$J$43 -> 17 | G77: =Capacity!$K$43 -> 4 | H77: =Capacity!$L$43 | I77: =Capacity!$M$43 | J77: =Capacity!$N$43 | K77: =Capacity!$O$43 -> 8840 | L77: Shift | M77: =Capacity!$V$43 -> 22.315385 | N77: =Capacity!$W$43 -> 17 | O77: =Capacity!$X$43 -> -5.3153846
A78: FY28 | B78: 3 | C78: 1800's | D78: Exciters | E78: =Capacity!$I$43 -> 17 | F78: =Capacity!$J$43 -> 17 | G78: =Capacity!$K$43 -> 4 | H78: =Capacity!$L$43 | I78: =Capacity!$M$43 | J78: =Capacity!$N$43 | K78: =Capacity!$O$43 -> 8840 | L78: Shift | M78: =Capacity!$V$43 -> 22.315385 | N78: =Capacity!$W$43 -> 17 | O78: =Capacity!$X$43 -> -5.3153846
A79: FY28 | B79: 3 | C79: 1800's | D79: RF | E79: =Capacity!$I$43 -> 17 | F79: =Capacity!$J$43 -> 17 | G79: =Capacity!$K$43 -> 4 | H79: =Capacity!$L$43 | I79: =Capacity!$M$43 | J79: =Capacity!$N$43 | K79: =Capacity!$O$43 -> 8840 | L79: Shift | M79: =Capacity!$V$43 -> 22.315385 | N79: =Capacity!$W$43 -> 17 | O79: =Capacity!$X$43 -> -5.3153846
A80: FY28 | B80: 3 | C80: 1800's | D80: WC | E80: =Capacity!$I$43 -> 17 | F80: =Capacity!$J$43 -> 17 | G80: =Capacity!$K$43 -> 4 | H80: =Capacity!$L$43 | I80: =Capacity!$M$43 | J80: =Capacity!$N$43 | K80: =Capacity!$O$43 -> 8840 | L80: Shift | M80: =Capacity!$V$43 -> 22.315385 | N80: =Capacity!$W$43 -> 17 | O80: =Capacity!$X$43 -> -5.3153846
A81: FY28 | B81: 3 | C81: 1800's | D81: FA | E81: =Capacity!$I$43 -> 17 | F81: =Capacity!$J$43 -> 17 | G81: =Capacity!$K$43 -> 4 | H81: =Capacity!$L$43 | I81: =Capacity!$M$43 | J81: =Capacity!$N$43 | K81: =Capacity!$O$43 -> 8840 | L81: Shift | M81: =Capacity!$V$43 -> 22.315385 | N81: =Capacity!$W$43 -> 17 | O81: =Capacity!$X$43 -> -5.3153846
A82: FY28 | B82: 3 | C82: 1800's | D82: Coils | E82: =Capacity!$I$43 -> 17 | F82: =Capacity!$J$43 -> 17 | G82: =Capacity!$K$43 -> 4 | H82: =Capacity!$L$43 | I82: =Capacity!$M$43 | J82: =Capacity!$N$43 | K82: =Capacity!$O$43 -> 8840 | L82: Monthly | M82: =Capacity!$Y$43 -> 987.57447 | N82: =Capacity!$Z$43 -> 752.34043 | O82: =Capacity!$AA$43 -> -235.23404
A83: FY28 | B83: 3 | C83: 1800's | D83: Exciters | E83: =Capacity!$I$43 -> 17 | F83: =Capacity!$J$43 -> 17 | G83: =Capacity!$K$43 -> 4 | H83: =Capacity!$L$43 | I83: =Capacity!$M$43 | J83: =Capacity!$N$43 | K83: =Capacity!$O$43 -> 8840 | L83: Monthly | M83: =Capacity!$Y$43 -> 987.57447 | N83: =Capacity!$Z$43 -> 752.34043 | O83: =Capacity!$AA$43 -> -235.23404
A84: FY28 | B84: 3 | C84: 1800's | D84: RF | E84: =Capacity!$I$43 -> 17 | F84: =Capacity!$J$43 -> 17 | G84: =Capacity!$K$43 -> 4 | H84: =Capacity!$L$43 | I84: =Capacity!$M$43 | J84: =Capacity!$N$43 | K84: =Capacity!$O$43 -> 8840 | L84: Monthly | M84: =Capacity!$Y$43 -> 987.57447 | N84: =Capacity!$Z$43 -> 752.34043 | O84: =Capacity!$AA$43 -> -235.23404
A85: FY28 | B85: 3 | C85: 1800's | D85: WC | E85: =Capacity!$I$43 -> 17 | F85: =Capacity!$J$43 -> 17 | G85: =Capacity!$K$43 -> 4 | H85: =Capacity!$L$43 | I85: =Capacity!$M$43 | J85: =Capacity!$N$43 | K85: =Capacity!$O$43 -> 8840 | L85: Monthly | M85: =Capacity!$Y$43 -> 987.57447 | N85: =Capacity!$Z$43 -> 752.34043 | O85: =Capacity!$AA$43 -> -235.23404
A86: FY28 | B86: 3 | C86: 1800's | D86: FA | E86: =Capacity!$I$43 -> 17 | F86: =Capacity!$J$43 -> 17 | G86: =Capacity!$K$43 -> 4 | H86: =Capacity!$L$43 | I86: =Capacity!$M$43 | J86: =Capacity!$N$43 | K86: =Capacity!$O$43 -> 8840 | L86: Monthly | M86: =Capacity!$Y$43 -> 987.57447 | N86: =Capacity!$Z$43 -> 752.34043 | O86: =Capacity!$AA$43 -> -235.23404
A87: FY29 | B87: 4 | C87: 1800's | D87: Coils | E87: =Capacity!$E$44 -> 16 | F87: =Capacity!$J$44 -> 20 | G87: =Capacity!$K$44 -> 4 | H87: =Capacity!$L$44 | I87: =Capacity!$M$44 | J87: =Capacity!$N$44 | K87: =Capacity!$O$44 -> 10400 | L87: Yearly | M87: =Capacity!$P$44 -> 12630 | N87: =Capacity!$Q$44 -> 10400 | O87: =Capacity!$R$44 -> -2230
A88: FY29 | B88: 4 | C88: 1800's | D88: Exciters | E88: =Capacity!$F$44 -> 16 | F88: =Capacity!$J$44 -> 20 | G88: =Capacity!$K$44 -> 4 | H88: =Capacity!$L$44 | I88: =Capacity!$M$44 | J88: =Capacity!$N$44 | K88: =Capacity!$O$44 -> 10400 | L88: Yearly | M88: =Capacity!$P$44 -> 12630 | N88: =Capacity!$Q$44 -> 10400 | O88: =Capacity!$R$44 -> -2230
A89: FY29 | B89: 4 | C89: 1800's | D89: RF | E89: =Capacity!$G$44 -> 20 | F89: =Capacity!$J$44 -> 20 | G89: =Capacity!$K$44 -> 4 | H89: =Capacity!$L$44 | I89: =Capacity!$M$44 | J89: =Capacity!$N$44 | K89: =Capacity!$O$44 -> 10400 | L89: Yearly | M89: =Capacity!$P$44 -> 12630 | N89: =Capacity!$Q$44 -> 10400 | O89: =Capacity!$R$44 -> -2230
A90: FY29 | B90: 4 | C90: 1800's | D90: WC | E90: =Capacity!$H$44 -> 20 | F90: =Capacity!$J$44 -> 20 | G90: =Capacity!$K$44 -> 4 | H90: =Capacity!$L$44 | I90: =Capacity!$M$44 | J90: =Capacity!$N$44 | K90: =Capacity!$O$44 -> 10400 | L90: Yearly | M90: =Capacity!$P$44 -> 12630 | N90: =Capacity!$Q$44 -> 10400 | O90: =Capacity!$R$44 -> -2230
A91: FY29 | B91: 4 | C91: 1800's | D91: FA | E91: =Capacity!$I$44 -> 20 | F91: =Capacity!$J$44 -> 20 | G91: =Capacity!$K$44 -> 4 | H91: =Capacity!$L$44 | I91: =Capacity!$M$44 | J91: =Capacity!$N$44 | K91: =Capacity!$O$44 -> 10400 | L91: Yearly | M91: =Capacity!$P$44 -> 12630 | N91: =Capacity!$Q$44 -> 10400 | O91: =Capacity!$R$44 -> -2230
A92: FY29 | B92: 4 | C92: 1800's | D92: Coils | E92: =Capacity!$E$44 -> 16 | F92: =Capacity!$J$44 -> 20 | G92: =Capacity!$K$44 -> 4 | H92: =Capacity!$L$44 | I92: =Capacity!$M$44 | J92: =Capacity!$N$44 | K92: =Capacity!$O$44 -> 10400 | L92: Daily | M92: =Capacity!$S$44 -> 48.576923 | N92: =Capacity!$T$44 -> 40 | O92: =Capacity!$U$44 -> -8.5769231
A93: FY29 | B93: 4 | C93: 1800's | D93: Exciters | E93: =Capacity!$F$44 -> 16 | F93: =Capacity!$J$44 -> 20 | G93: =Capacity!$K$44 -> 4 | H93: =Capacity!$L$44 | I93: =Capacity!$M$44 | J93: =Capacity!$N$44 | K93: =Capacity!$O$44 -> 10400 | L93: Daily | M93: =Capacity!$S$44 -> 48.576923 | N93: =Capacity!$T$44 -> 40 | O93: =Capacity!$U$44 -> -8.5769231
A94: FY29 | B94: 4 | C94: 1800's | D94: RF | E94: =Capacity!$G$44 -> 20 | F94: =Capacity!$J$44 -> 20 | G94: =Capacity!$K$44 -> 4 | H94: =Capacity!$L$44 | I94: =Capacity!$M$44 | J94: =Capacity!$N$44 | K94: =Capacity!$O$44 -> 10400 | L94: Daily | M94: =Capacity!$S$44 -> 48.576923 | N94: =Capacity!$T$44 -> 40 | O94: =Capacity!$U$44 -> -8.5769231
A95: FY29 | B95: 4 | C95: 1800's | D95: WC | E95: =Capacity!$H$44 -> 20 | F95: =Capacity!$J$44 -> 20 | G95: =Capacity!$K$44 -> 4 | H95: =Capacity!$L$44 | I95: =Capacity!$M$44 | J95: =Capacity!$N$44 | K95: =Capacity!$O$44 -> 10400 | L95: Daily | M95: =Capacity!$S$44 -> 48.576923 | N95: =Capacity!$T$44 -> 40 | O95: =Capacity!$U$44 -> -8.5769231
A96: FY29 | B96: 4 | C96: 1800's | D96: FA | E96: =Capacity!$I$44 -> 20 | F96: =Capacity!$J$44 -> 20 | G96: =Capacity!$K$44 -> 4 | H96: =Capacity!$L$44 | I96: =Capacity!$M$44 | J96: =Capacity!$N$44 | K96: =Capacity!$O$44 -> 10400 | L96: Daily | M96: =Capacity!$S$44 -> 48.576923 | N96: =Capacity!$T$44 -> 40 | O96: =Capacity!$U$44 -> -8.5769231
A97: FY29 | B97: 4 | C97: 1800's | D97: Coils | E97: =Capacity!$E$44 -> 16 | F97: =Capacity!$J$44 -> 20 | G97: =Capacity!$K$44 -> 4 | H97: =Capacity!$L$44 | I97: =Capacity!$M$44 | J97: =Capacity!$N$44 | K97: =Capacity!$O$44 -> 10400 | L97: Shift | M97: =Capacity!$V$44 -> 24.288462 | N97: =Capacity!$W$44 -> 20 | O97: =Capacity!$X$44 -> -4.2884615
A98: FY29 | B98: 4 | C98: 1800's | D98: Exciters | E98: =Capacity!$F$44 -> 16 | F98: =Capacity!$J$44 -> 20 | G98: =Capacity!$K$44 -> 4 | H98: =Capacity!$L$44 | I98: =Capacity!$M$44 | J98: =Capacity!$N$44 | K98: =Capacity!$O$44 -> 10400 | L98: Shift | M98: =Capacity!$V$44 -> 24.288462 | N98: =Capacity!$W$44 -> 20 | O98: =Capacity!$X$44 -> -4.2884615
A99: FY29 | B99: 4 | C99: 1800's | D99: RF | E99: =Capacity!$G$44 -> 20 | F99: =Capacity!$J$44 -> 20 | G99: =Capacity!$K$44 -> 4 | H99: =Capacity!$L$44 | I99: =Capacity!$M$44 | J99: =Capacity!$N$44 | K99: =Capacity!$O$44 -> 10400 | L99: Shift | M99: =Capacity!$V$44 -> 24.288462 | N99: =Capacity!$W$44 -> 20 | O99: =Capacity!$X$44 -> -4.2884615
A100: FY29 | B100: 4 | C100: 1800's | D100: WC | E100: =Capacity!$H$44 -> 20 | F100: =Capacity!$J$44 -> 20 | G100: =Capacity!$K$44 -> 4 | H100: =Capacity!$L$44 | I100: =Capacity!$M$44 | J100: =Capacity!$N$44 | K100: =Capacity!$O$44 -> 10400 | L100: Shift | M100: =Capacity!$V$44 -> 24.288462 | N100: =Capacity!$W$44 -> 20 | O100: =Capacity!$X$44 -> -4.2884615
...

Sheet Demand
B1: POWER Business - INDUSTRIAL MASTER PLAN
D4: Customer DEMAND By Frame & LV/MHV
D6: Region | E6: LV/MHV | F6: cust. | G6: Frame | H6: FY25 | I6: FY26 | J6: FY27 | K6: FY28 | L6: FY29 | M6: FY30 | P6: Source
B8: EMEA | D8: EMEA | E8: LV | G8: 52 | H8: 995 | I8: 1122 | J8: 1132 | K8: 1217 | L8: 1295
L9: mixed on olo 2
D10: EMEA | E10: LV | G10: 53 | H10: 329 | I10: 442 | J10: 385 | K10: 395 | L10: 405
D11: EMEA | E11: LV | G11: 54 | H11: 470 | I11: 892 | J11: 1585 | K11: 2010 | L11: 2425
D13: EMEA | E13: MHV | G13: 52 | H13: 20 | I13: 13 | J13: 28 | K13: 28 | L13: 28
D14: EMEA | E14: MHV | G14: 53 | H14: 137 | I14: 207 | J14: 168 | K14: 202 | L14: 221
D15: EMEA | E15: MHV | G15: 54 | H15: 572 | I15: 705 | J15: 1071 | K15: 1344 | L15: 1569
D17: EMEA | E17: LV | G17: 55 | H17: 7 | I17: 83 | J17: 208 | K17: 242 | L17: 273
D18: EMEA | E18: MHV | G18: 55 | H18: 13 | I18: 131 | J18: 234 | K18: 300 | L18: 365
D21: EMEA | E21: MHV | G21: 56 | H21: 71 | I21: 88 | J21: 81 | K21: 62 | L21: 65
D22: EMEA | E22: MHV | G22: 58 | H22: 44 | I22: 71 | J22: 92 | K22: 84 | L22: 94
D23: EMEA | E23: MHV | G23: 60 | H23: 19 | I23: 48 | J23: 91 | K23: 133 | L23: 142
D26: EMEA | E26: MHV | G26: 61 4P | H26: 0 | I26: 0 | J26: 0 | K26: 0 | L26: 0
D27: EMEA | E27: MHV | G27: 62 | H27: 2 | I27: 10 | J27: 17 | K27: 20 | L27: 25
B32: ASIA | D32: Asia | E32: LV | G32: 52 | H32: 2711 | I32: 3710 | J32: 4056 | K32: 4413 | L32: 5420
D33: Asia | E33: LV | G33: 53 | H33: 258 | I33: 540 | J33: 615 | K33: 750 | L33: 895
D34: Asia | E34: LV | G34: 54 | H34: 467 | I34: 1184 | J34: 1376 | K34: 1552 | L34: 710
D35: Asia | E35: LV | F35: CAT | G35: 1400 | H35: 43 | I35: 44 | J35: 50 | K35: 60 | L35: 80
D36: Asia | E36: LV | F36: CAT | G36: 1600 | H36: 119 | I36: 206 | J36: 216 | K36: 223 | L36: 236
D37: Asia | E37: LV | F37: CAT CN | G37: 1800 | H37: 105 | I37: 297 | J37: 294 | K37: 292 | L37: 300
D38: Asia | E38: MHV | F38: US | G38: 2700/3000 | H38: 116 | I38: 776 | J38: 1383 | K38: 1476 | L38: 1490
D39: Asia | E39: LV | F39: CAT US | G39: 1800 | H39: 525 | I39: 120 | J39: 240 | K39: 280 | L39: 300
D41: Asia | E41: MHV | G41: 52 | H41: 217 | I41: 497 | J41: 609 | K41: 752 | L41: 1023
D42: Asia | E42: MHV | G42: 53 | H42: 4112 | I42: 4890 | J42: 6365 | K42: 7720 | L42: 8262
D43: Asia | E43: MHV | G43: 54 | H43: 389 | I43: 650 | J43: 1055 | K43: 1260 | L43: 1135
D44: Asia | E44: MHV | G44: 55 | H44: 61 | I44: 115 | J44: 121 | K44: 127 | L44: 135
D45: Asia | E45: LV | G45: 55 | H45: 2 | I45: 1 | J45: 1 | K45: 1 | L45: 0
D47: Asia | E47: MHV | G47: 56 equ | H47: 130 | I47: 200 | J47: 180 | K47: 150 | L47: 149
D48: Asia | E48: MHV | G48: 58 equ | H48: 70 | I48: 70 | J48: 70 | K48: 70 | L48: 44
B53: INDIA | D53: India | E53: LV | G53: 52.3 | H53: 250 | I53: 325 | J53: 420 | K53: 525 | L53: 600
D54: India | E54: LV | G54: 53.2 | H54: 120 | I54: 400 | J54: 500 | K54: 600 | L54: 650
D55: India | E55: LV | G55: 54.2 | H55: 5 | I55: 250 | J55: 475 | K55: 775 | L55: 800
D56: India | E56: LV | G56: WTG G54/55 | H56: - | I56: 25 | J56: 50 | K56: 100 | L56: 100
D58: India | E58: LV | F58: US | G58: 1800 RW | H58: 250 | I58: 1200 | J58: 1800 | K58: 1800 | L58: 1800
D60: India | E60: MHV | G60: 52.3 | H60: 5 | I60: 5 | J60: 5 | K60: 10 | L60: 10
D61: India | E61: MHV | G61: 53.2 | H61: 260 | I61: 370 | J61: 250 | K61: 290 | L61: 365
D62: India | E62: MHV | G62: 54.2/55 | H62: 115 | I62: 125 | J62: 150 | K62: 200 | L62: 225
D63: India | E63: MHV | G63: 2700/3000 | H63: - | I63: 25 | J63: 150 | K63: 300 | L63: 600
F64: Solar | G64: 56
F65: Solar | G65: 58
B68: US | C68: Reynosa | D68: US | E68: LV | F68: CAT | G68: 1800 RW | H68: 720 | I68: 432 | J68: 1480 | K68: 1602 | L68: 1696 | M68: 1883
D69: US | E69: LV | F69: Rehlko | G69: LSA 54 | H69: - | I69: - | J69: - | K69: - | L69: -
D72: US | E72: LV | F72: Rehlko | G72: 641 | H72: 46 | I72: 73 | J72: 79 | K72: 93 | L72: 101 | M72: 108
D73: US | E73: LV | F73: RR | G73: 641 | H73: 297 | I73: 123 | J73: 196 | K73: 210 | L73: 233 | M73: 267
D74: US | E74: LV | F74: Others | G74: 641 | H74: 36 | I74: 28 | J74: 35 | K74: 40 | L74: 45 | M74: 50
D75: US | E75: LV | F75: Others | G75: 661 | H75: 37 | I75: 60 | J75: 70 | K75: 80 | L75: 90 | M75: 100
D76: US | E76: LV | F76: CAT | G76: 1600 | H76: 718 | I76: 1343 | J76: 965 | K76: 1037 | L76: 1098 | M76: 1219
D78: US | E78: LV | F78: CAT | G78: 1800 FW | H78: 4024 | I78: 5117 | J78: 6916 | K78: 11604 | L78: 12630 | M78: 13008
G79: Total | H79: 5878 | I79: 7176 | J79: 9741 | K79: 14666 | L79: 15893 | M79: 16635
H80: 342 | I80: 435 | J80: 589 | K80: 988 | L80: 1075 | M80: 1107 | N80: by month 1800's
C86: Lexington | D86: US | E86: LV | F86: Rehlko | G86: 841 | H86: 155 | I86: 147 | J86: 223 | K86: 260 | L86: 276 | M86: 307
D87: US | E87: LV | F87: RR | G87: 841 | H87: 472 | I87: 1098 | J87: 2100 | K87: 2250 | L87: 2498 | M87: 2865
D88: US | E88: LV | F88: Other | G88: 841 | H88: 0 | I88: 0 | J88: 0 | K88: 0 | L88: 0 | M88: 0
D89: US | E89: LV | F89: CAT | G89: 941 | H89: 6 | I89: 9 | J89: 21 | K89: 47 | L89: 50 | M89: 56
D90: US | E90: LV | F90: RR | G90: 941 | H90: 195 | I90: 281 | J90: 200 | K90: 214 | L90: 238 | M90: 273
D91: US | E91: LV | F91: Rehlko | G91: 941 | H91: 114 | I91: 177 | J91: 161 | K91: 212 | L91: 228 | M91: 255
D92: US | E92: LV | F92: Generac / Other | G92: 54 / 941 | H92: - | I92: 50 | J92: 800 | K92: 900 | L92: 1000 | M92: 1000
D93: US | E93: MHV | F93: CAT | G93: 2700 | H93: 41 | I93: 45 | J93: 50 | K93: 55 | L93: 60 | M93: 65
D94: US | E94: MHV | F94: CAT | G94: 3000 | H94: 458 | I94: 1455 | J94: 2950 | K94: 3945 | L94: 4940 | M94: 5483
G95: Total | H95: 814 | I95: 2017 | J95: 4182 | K95: 5373 | L95: 6516 | M95: 7132
C101: Mankato | D101: US | E101: MHV | F101: RR | G101: 4P9.X | H101: 316 | I101: 478 | J101: 750 | K101: 1300 | L101: 1675 | M101: 1775
D102: US | E102: MHV | F102: Rehlko | G102: 4P9.X | H102: 2 | I102: 31 | J102: 68 | K102: 88 | L102: 96 | M102: 107
D103: US | E103: MHV | F103: Other
D105: US | E105: MHV | F105: RR | G105: 4P6.X | H105: 46 | I105: 5 | J105: - | K105: - | L105: 0 | M105: 0
D106: US | E106: MHV | F106: Rehlko | G106: 4P6.X | H106: 21 | I106: 6 | J106: 12 | K106: 15 | L106: 17 | M106: 19
D107: US | E107: MHV | F107: CAT | G107: 8P6.5 Truck Traction | H107: 153 | I107: 190 | J107: 300 | K107: 342 | L107: 360 | M107: 378
D109: US | E109: MHV | F109: Solar | G109: 4P10.7 | H109: 32 | I109: 16 | J109: 10 | K109: 12 | L109: 14 | M109: 16
D110: US | E110: MHV | F110: Solar | G110: 4P12.1 | H110: 6 | I110: 9 | J110: 8 | K110: 8 | L110: 9 | M110: 10
D111: US | E111: MHV | F111: Solar | G111: 4P63.5 | H111: 21 | I111: 30 | J111: 24 | K111: 30 | L111: 40 | M111: 48
D112: US | E112: MHV | F112: Solar | G112: Other | H112: 2 | I112: 1 | J112: 2 | K112: 2 | L112: 2 | M112: 2
D113: US | E113: MHV | F113: Solar | G113: 4P86 | H113: 0 | I113: 0 | J113: 0 | K113: 1 | L113: 5 | M113: 10
D115: US | E115: MHV | F115: CAT | G115: DTO | H115: 41 | I115: 27 | J115: 51 | K115: 60 | L115: 60 | M115: 60
D116: US | E116: MHV | F116: Other | G116: DTO | H116: 20 | I116: 14 | J116: 20 | K116: 25 | L116: 30 | M116: 30
D117: US | E117: MHV | F117: Other | G117: Locomotive | H117: 17 | I117: 20 | J117: 0 | K117: 0 | L117: 0 | M117: 0
D118: US | E118: MHV | F118: Other | G118: Large / XL | H118: 1 | I118: 4 | J118: 6 | K118: 8 | L118: 10 | M118: 12
D119: US | E119: MHV | F119: Other | G119: MG | H119: 9 | I119: 12 | J119: 12 | K119: 12 | L119: 12 | M119: 12
D120: US | E120: MHV | F120: Other | G120: Defense | H120: 13 | I120: 20 | J120: 20 | K120: 22 | L120: 24
D121: US | E121: MHV | F121: Other | G121: XE | H121: 0 | I121: 8 | J121: 4 | K121: 2 | L121: 6 | M121: 6
G122: Total | H122: 700 | I122: 871 | J122: 1287 | K122: 1927 | L122: 2360 | M122: 2485

Sheet Sheet2
C2: Fiscal Year | D2: Value Strem | E2: Demand
C3: FY26 | D3: 42 - 44
C4: FY27 | D4: 42 - 44
C5: FY28 | D5: 42 - 44
C6: FY29 | D6: 42 - 44
C7: FY26 | D7: 46's
C8: FY27 | D8: 46's
C9: FY28 | D9: 46's
C10: FY29 | D10: 46's
C11: FY26 | D11: 47's
C12: FY27 | D12: 47's
C13: FY28 | D13: 47's
C14: FY29 | D14: 47's
... C42: FY29 | D42: 1800's
